mode: set
github.com/Wilberucx/dots/internal/system/system.go:12.24,13.22 1 1
github.com/Wilberucx/dots/internal/system/system.go:14.15,15.17 1 1
github.com/Wilberucx/dots/internal/system/system.go:16.16,17.15 1 0
github.com/Wilberucx/dots/internal/system/system.go:18.17,19.19 1 0
github.com/Wilberucx/dots/internal/system/system.go:20.10,21.19 1 0
github.com/Wilberucx/dots/internal/system/system.go:26.35,28.16 2 1
github.com/Wilberucx/dots/internal/system/system.go:28.16,30.3 1 0
github.com/Wilberucx/dots/internal/system/system.go:35.2,37.16 3 1
github.com/Wilberucx/dots/internal/system/system.go:37.16,39.3 1 0
github.com/Wilberucx/dots/internal/system/system.go:41.2,42.16 2 1
github.com/Wilberucx/dots/internal/system/system.go:42.16,44.3 1 0
github.com/Wilberucx/dots/internal/system/system.go:47.2,47.42 1 1
github.com/Wilberucx/dots/internal/system/system.go:47.42,49.3 1 1
github.com/Wilberucx/dots/internal/system/system.go:52.2,52.24 1 1
github.com/Wilberucx/dots/internal/system/system.go:52.24,54.3 1 1
github.com/Wilberucx/dots/internal/system/system.go:56.2,56.13 1 1
github.com/Wilberucx/dots/internal/system/system.go:60.37,61.34 1 1
github.com/Wilberucx/dots/internal/system/system.go:61.34,64.3 2 1
github.com/Wilberucx/dots/internal/system/system.go:65.2,65.27 1 1
github.com/Wilberucx/dots/internal/system/system.go:70.26,72.43 1 1
github.com/Wilberucx/dots/internal/system/system.go:72.43,74.3 1 1
github.com/Wilberucx/dots/internal/system/system.go:75.2,76.16 2 0
github.com/Wilberucx/dots/internal/system/system.go:76.16,78.3 1 0
github.com/Wilberucx/dots/internal/system/system.go:79.2,79.12 1 0
github.com/Wilberucx/dots/internal/system/system.go:83.23,85.2 1 1
github.com/Wilberucx/dots/internal/template/template.go:13.29,14.24 1 1
github.com/Wilberucx/dots/internal/template/template.go:15.15,16.18 1 1
github.com/Wilberucx/dots/internal/template/template.go:17.15,18.19 1 0
github.com/Wilberucx/dots/internal/template/template.go:19.10,20.24 1 0
github.com/Wilberucx/dots/internal/template/template.go:25.52,27.20 2 1
github.com/Wilberucx/dots/internal/template/template.go:27.20,28.37 1 1
github.com/Wilberucx/dots/internal/template/template.go:28.37,30.4 1 1
github.com/Wilberucx/dots/internal/template/template.go:32.2,32.12 1 1
github.com/Wilberucx/dots/internal/template/template.go:37.60,39.34 2 1
github.com/Wilberucx/dots/internal/template/template.go:39.34,42.3 2 1
github.com/Wilberucx/dots/internal/template/template.go:44.2,45.15 2 1
github.com/Wilberucx/dots/internal/template/template.go:49.80,54.2 1 1
github.com/Wilberucx/dots/cmd/dots/main.go:5.13,7.2 1 0
github.com/Wilberucx/dots/internal/yaml/parser.go:42.74,44.16 2 1
github.com/Wilberucx/dots/internal/yaml/parser.go:44.16,45.25 1 1
github.com/Wilberucx/dots/internal/yaml/parser.go:45.25,47.4 1 1
github.com/Wilberucx/dots/internal/yaml/parser.go:48.3,48.18 1 0
github.com/Wilberucx/dots/internal/yaml/parser.go:51.2,52.51 2 1
github.com/Wilberucx/dots/internal/yaml/parser.go:52.51,54.3 1 0
github.com/Wilberucx/dots/internal/yaml/parser.go:56.2,56.16 1 1
github.com/Wilberucx/dots/internal/yaml/parser.go:56.16,58.3 1 0
github.com/Wilberucx/dots/internal/yaml/parser.go:61.2,61.66 1 1
github.com/Wilberucx/dots/internal/yaml/parser.go:61.66,63.3 1 1
github.com/Wilberucx/dots/internal/yaml/parser.go:65.2,66.9 2 1
github.com/Wilberucx/dots/internal/yaml/parser.go:66.9,68.3 1 0
github.com/Wilberucx/dots/internal/yaml/parser.go:70.2,71.32 2 1
github.com/Wilberucx/dots/internal/yaml/parser.go:71.32,73.10 2 1
github.com/Wilberucx/dots/internal/yaml/parser.go:73.10,74.12 1 0
github.com/Wilberucx/dots/internal/yaml/parser.go:77.3,78.19 2 1
github.com/Wilberucx/dots/internal/yaml/parser.go:78.19,79.12 1 0
github.com/Wilberucx/dots/internal/yaml/parser.go:83.3,83.51 1 1
github.com/Wilberucx/dots/internal/yaml/parser.go:83.51,85.32 2 1
github.com/Wilberucx/dots/internal/yaml/parser.go:85.32,86.58 1 1
github.com/Wilberucx/dots/internal/yaml/parser.go:86.58,88.11 2 1
github.com/Wilberucx/dots/internal/yaml/parser.go:91.4,91.14 1 1
github.com/Wilberucx/dots/internal/yaml/parser.go:91.14,92.13 1 1
github.com/Wilberucx/dots/internal/yaml/parser.go:97.3,98.63 2 1
github.com/Wilberucx/dots/internal/yaml/parser.go:98.63,99.49 1 1
github.com/Wilberucx/dots/internal/yaml/parser.go:99.49,101.5 1 1
github.com/Wilberucx/dots/internal/yaml/parser.go:103.3,103.17 1 1
github.com/Wilberucx/dots/internal/yaml/parser.go:103.17,105.4 1 1
github.com/Wilberucx/dots/internal/yaml/parser.go:106.3,106.17 1 1
github.com/Wilberucx/dots/internal/yaml/parser.go:106.17,107.12 1 0
github.com/Wilberucx/dots/internal/yaml/parser.go:110.3,114.5 2 1
github.com/Wilberucx/dots/internal/yaml/parser.go:117.2,117.22 1 1
github.com/Wilberucx/dots/internal/yaml/parser.go:121.63,123.16 2 1
github.com/Wilberucx/dots/internal/yaml/parser.go:123.16,124.25 1 0
github.com/Wilberucx/dots/internal/yaml/parser.go:124.25,126.4 1 0
github.com/Wilberucx/dots/internal/yaml/parser.go:127.3,127.18 1 0
github.com/Wilberucx/dots/internal/yaml/parser.go:130.2,131.51 2 1
github.com/Wilberucx/dots/internal/yaml/parser.go:131.51,133.3 1 0
github.com/Wilberucx/dots/internal/yaml/parser.go:135.2,135.16 1 1
github.com/Wilberucx/dots/internal/yaml/parser.go:135.16,137.3 1 0
github.com/Wilberucx/dots/internal/yaml/parser.go:140.2,140.66 1 1
github.com/Wilberucx/dots/internal/yaml/parser.go:140.66,142.3 1 0
github.com/Wilberucx/dots/internal/yaml/parser.go:144.2,145.9 2 1
github.com/Wilberucx/dots/internal/yaml/parser.go:145.9,147.3 1 0
github.com/Wilberucx/dots/internal/yaml/parser.go:149.2,152.28 3 1
github.com/Wilberucx/dots/internal/yaml/parser.go:152.28,153.24 1 1
github.com/Wilberucx/dots/internal/yaml/parser.go:154.15,156.16 1 1
github.com/Wilberucx/dots/internal/yaml/parser.go:156.16,159.5 2 1
github.com/Wilberucx/dots/internal/yaml/parser.go:160.31,162.41 2 1
github.com/Wilberucx/dots/internal/yaml/parser.go:162.41,165.5 2 1
github.com/Wilberucx/dots/internal/yaml/parser.go:169.2,169.18 1 1
github.com/Wilberucx/dots/internal/yaml/parser.go:172.67,185.27 2 1
github.com/Wilberucx/dots/internal/yaml/parser.go:185.27,187.3 1 1
github.com/Wilberucx/dots/internal/yaml/parser.go:189.2,189.61 1 1
github.com/Wilberucx/dots/internal/yaml/parser.go:189.61,191.29 2 0
github.com/Wilberucx/dots/internal/yaml/parser.go:191.29,193.4 1 0
github.com/Wilberucx/dots/internal/yaml/parser.go:196.2,196.65 1 1
github.com/Wilberucx/dots/internal/yaml/parser.go:196.65,198.29 2 1
github.com/Wilberucx/dots/internal/yaml/parser.go:198.29,200.4 1 1
github.com/Wilberucx/dots/internal/yaml/parser.go:203.2,203.69 1 1
github.com/Wilberucx/dots/internal/yaml/parser.go:203.69,206.3 2 0
github.com/Wilberucx/dots/internal/yaml/parser.go:208.2,208.12 1 1
github.com/Wilberucx/dots/internal/yaml/parser.go:212.60,213.24 1 1
github.com/Wilberucx/dots/internal/yaml/parser.go:213.24,215.3 1 0
github.com/Wilberucx/dots/internal/yaml/parser.go:217.2,218.29 2 1
github.com/Wilberucx/dots/internal/yaml/parser.go:218.29,221.3 2 1
github.com/Wilberucx/dots/internal/yaml/parser.go:223.2,226.43 3 1
github.com/Wilberucx/dots/internal/yaml/parser.go:226.43,231.29 3 1
github.com/Wilberucx/dots/internal/yaml/parser.go:231.29,232.21 1 1
github.com/Wilberucx/dots/internal/yaml/parser.go:232.21,235.5 2 1
github.com/Wilberucx/dots/internal/yaml/parser.go:237.3,237.29 1 1
github.com/Wilberucx/dots/internal/yaml/parser.go:237.29,238.38 1 1
github.com/Wilberucx/dots/internal/yaml/parser.go:238.38,241.5 2 1
github.com/Wilberucx/dots/internal/yaml/parser.go:246.2,248.32 3 1
github.com/Wilberucx/dots/internal/yaml/parser.go:248.32,249.21 1 1
github.com/Wilberucx/dots/internal/yaml/parser.go:249.21,252.4 2 1
github.com/Wilberucx/dots/internal/yaml/parser.go:255.2,255.31 1 1
github.com/Wilberucx/dots/internal/yaml/parser.go:255.31,257.3 1 1
github.com/Wilberucx/dots/internal/yaml/parser.go:259.2,265.3 2 1
github.com/Wilberucx/dots/internal/yaml/parser.go:269.82,270.19 1 1
github.com/Wilberucx/dots/internal/yaml/parser.go:270.19,272.3 1 1
github.com/Wilberucx/dots/internal/yaml/parser.go:274.2,276.29 3 1
github.com/Wilberucx/dots/internal/yaml/parser.go:276.29,277.48 1 1
github.com/Wilberucx/dots/internal/yaml/parser.go:277.48,279.4 1 1
github.com/Wilberucx/dots/internal/yaml/parser.go:281.2,281.15 1 1
github.com/Wilberucx/dots/internal/yaml/parser.go:288.39,289.50 1 1
github.com/Wilberucx/dots/internal/yaml/parser.go:289.50,291.3 1 1
github.com/Wilberucx/dots/internal/yaml/parser.go:293.2,293.50 1 1
github.com/Wilberucx/dots/internal/yaml/parser.go:293.50,295.3 1 1
github.com/Wilberucx/dots/internal/yaml/parser.go:296.2,296.15 1 1
github.com/Wilberucx/dots/internal/yaml/parser.go:301.45,304.45 2 1
github.com/Wilberucx/dots/internal/yaml/parser.go:304.45,306.3 1 0
github.com/Wilberucx/dots/internal/yaml/parser.go:307.2,307.10 1 1
github.com/Wilberucx/dots/internal/yaml/parser.go:310.81,311.34 1 1
github.com/Wilberucx/dots/internal/yaml/parser.go:311.34,313.3 1 1
github.com/Wilberucx/dots/internal/yaml/parser.go:314.2,314.23 1 1
github.com/Wilberucx/dots/internal/yaml/parser.go:314.23,316.3 1 0
github.com/Wilberucx/dots/internal/yaml/parser.go:317.2,317.11 1 1
github.com/Wilberucx/dots/internal/yaml/schema.go:25.76,29.58 2 1
github.com/Wilberucx/dots/internal/yaml/schema.go:29.58,30.28 1 1
github.com/Wilberucx/dots/internal/yaml/schema.go:30.28,31.49 1 1
github.com/Wilberucx/dots/internal/yaml/schema.go:31.49,32.26 1 1
github.com/Wilberucx/dots/internal/yaml/schema.go:32.26,33.28 1 1
github.com/Wilberucx/dots/internal/yaml/schema.go:33.28,38.12 2 1
github.com/Wilberucx/dots/internal/yaml/schema.go:46.2,46.52 1 1
github.com/Wilberucx/dots/internal/yaml/schema.go:46.52,47.27 1 1
github.com/Wilberucx/dots/internal/yaml/schema.go:47.27,48.50 1 1
github.com/Wilberucx/dots/internal/yaml/schema.go:48.50,49.29 1 1
github.com/Wilberucx/dots/internal/yaml/schema.go:49.29,50.29 1 1
github.com/Wilberucx/dots/internal/yaml/schema.go:50.29,55.12 2 1
github.com/Wilberucx/dots/internal/yaml/schema.go:62.2,62.15 1 1
github.com/Wilberucx/dots/internal/yaml/schema.go:66.37,67.15 1 1
github.com/Wilberucx/dots/internal/yaml/schema.go:68.16,69.15 1 1
github.com/Wilberucx/dots/internal/yaml/schema.go:70.16,71.16 1 0
github.com/Wilberucx/dots/internal/yaml/schema.go:72.22,73.19 1 0
github.com/Wilberucx/dots/internal/yaml/schema.go:74.18,75.16 1 0
github.com/Wilberucx/dots/internal/yaml/schema.go:76.26,77.20 1 0
github.com/Wilberucx/dots/internal/yaml/schema.go:78.10,79.15 1 0
github.com/Wilberucx/dots/internal/yaml/schema.go:84.79,87.19 3 1
github.com/Wilberucx/dots/internal/yaml/schema.go:87.19,89.3 1 0
github.com/Wilberucx/dots/internal/yaml/schema.go:90.2,91.19 2 1
github.com/Wilberucx/dots/internal/yaml/schema.go:91.19,93.3 1 0
github.com/Wilberucx/dots/internal/yaml/schema.go:94.2,97.49 2 1
github.com/Wilberucx/dots/internal/yaml/schema.go:97.49,99.39 2 1
github.com/Wilberucx/dots/internal/yaml/schema.go:99.39,101.4 1 1
github.com/Wilberucx/dots/internal/yaml/schema.go:102.3,104.5 1 1
github.com/Wilberucx/dots/internal/yaml/schema.go:108.2,108.53 1 1
github.com/Wilberucx/dots/internal/yaml/schema.go:108.53,109.32 1 1
github.com/Wilberucx/dots/internal/yaml/schema.go:109.32,110.44 1 1
github.com/Wilberucx/dots/internal/yaml/schema.go:110.44,114.5 1 1
github.com/Wilberucx/dots/internal/yaml/schema.go:118.2,118.15 1 1
github.com/Wilberucx/dots/internal/yaml/schema.go:122.80,125.18 3 1
github.com/Wilberucx/dots/internal/yaml/schema.go:125.18,127.3 1 1
github.com/Wilberucx/dots/internal/yaml/schema.go:128.2,131.22 3 1
github.com/Wilberucx/dots/internal/yaml/schema.go:131.22,133.3 1 1
github.com/Wilberucx/dots/internal/yaml/schema.go:135.2,137.27 3 1
github.com/Wilberucx/dots/internal/yaml/schema.go:137.27,139.3 1 0
github.com/Wilberucx/dots/internal/yaml/schema.go:141.2,141.36 1 1
github.com/Wilberucx/dots/internal/yaml/schema.go:141.36,142.51 1 0
github.com/Wilberucx/dots/internal/yaml/schema.go:142.51,144.4 1 0
github.com/Wilberucx/dots/internal/yaml/schema.go:147.2,147.35 1 1
github.com/Wilberucx/dots/internal/yaml/schema.go:147.35,148.45 1 0
github.com/Wilberucx/dots/internal/yaml/schema.go:148.45,150.4 1 0
github.com/Wilberucx/dots/internal/yaml/schema.go:153.2,153.15 1 1
github.com/Wilberucx/dots/internal/yaml/schema.go:157.78,160.17 2 0
github.com/Wilberucx/dots/internal/yaml/schema.go:160.17,162.3 1 0
github.com/Wilberucx/dots/internal/yaml/schema.go:165.2,165.58 1 0
github.com/Wilberucx/dots/internal/yaml/schema.go:165.58,166.28 1 0
github.com/Wilberucx/dots/internal/yaml/schema.go:166.28,167.49 1 0
github.com/Wilberucx/dots/internal/yaml/schema.go:167.49,169.5 1 0
github.com/Wilberucx/dots/internal/yaml/schema.go:174.2,174.52 1 0
github.com/Wilberucx/dots/internal/yaml/schema.go:174.52,175.27 1 0
github.com/Wilberucx/dots/internal/yaml/schema.go:175.27,176.50 1 0
github.com/Wilberucx/dots/internal/yaml/schema.go:176.50,178.5 1 0
github.com/Wilberucx/dots/internal/yaml/schema.go:182.2,182.15 1 0
github.com/Wilberucx/dots/internal/config/config.go:44.60,46.2 1 0
github.com/Wilberucx/dots/internal/config/config.go:49.56,51.2 1 0
github.com/Wilberucx/dots/internal/config/config.go:54.39,56.68 1 1
github.com/Wilberucx/dots/internal/config/config.go:56.68,58.3 1 0
github.com/Wilberucx/dots/internal/config/config.go:60.2,60.70 1 1
github.com/Wilberucx/dots/internal/config/config.go:60.70,62.3 1 1
github.com/Wilberucx/dots/internal/config/config.go:64.2,64.81 1 1
github.com/Wilberucx/dots/internal/config/config.go:64.81,66.3 1 1
github.com/Wilberucx/dots/internal/config/config.go:68.2,68.70 1 1
github.com/Wilberucx/dots/internal/config/config.go:68.70,70.3 1 1
github.com/Wilberucx/dots/internal/config/config.go:71.2,71.14 1 1
github.com/Wilberucx/dots/internal/config/config.go:79.34,83.48 2 1
github.com/Wilberucx/dots/internal/config/config.go:83.48,85.17 2 1
github.com/Wilberucx/dots/internal/config/config.go:85.17,87.4 1 0
github.com/Wilberucx/dots/internal/config/config.go:88.3,88.31 1 1
github.com/Wilberucx/dots/internal/config/config.go:88.31,90.4 1 1
github.com/Wilberucx/dots/internal/config/config.go:91.3,91.30 1 1
github.com/Wilberucx/dots/internal/config/config.go:95.2,96.16 2 0
github.com/Wilberucx/dots/internal/config/config.go:96.16,98.7 2 0
github.com/Wilberucx/dots/internal/config/config.go:98.7,99.27 1 0
github.com/Wilberucx/dots/internal/config/config.go:99.27,101.5 1 0
github.com/Wilberucx/dots/internal/config/config.go:102.4,103.21 2 0
github.com/Wilberucx/dots/internal/config/config.go:103.21,104.10 1 0
github.com/Wilberucx/dots/internal/config/config.go:106.4,106.16 1 0
github.com/Wilberucx/dots/internal/config/config.go:111.2,111.70 1 0
github.com/Wilberucx/dots/internal/config/config.go:111.70,113.32 2 0
github.com/Wilberucx/dots/internal/config/config.go:113.32,115.4 1 0
github.com/Wilberucx/dots/internal/config/config.go:118.2,126.3 1 0
github.com/Wilberucx/dots/internal/config/config.go:129.42,139.72 3 1
github.com/Wilberucx/dots/internal/config/config.go:139.72,141.3 1 0
github.com/Wilberucx/dots/internal/config/config.go:141.8,141.81 1 1
github.com/Wilberucx/dots/internal/config/config.go:141.81,143.3 1 0
github.com/Wilberucx/dots/internal/config/config.go:144.2,144.11 1 1
github.com/Wilberucx/dots/internal/config/config.go:144.11,147.35 3 0
github.com/Wilberucx/dots/internal/config/config.go:147.35,149.4 1 0
github.com/Wilberucx/dots/internal/config/config.go:152.2,152.12 1 1
github.com/Wilberucx/dots/internal/config/config.go:158.62,160.2 1 0
github.com/Wilberucx/dots/internal/config/config.go:163.53,165.2 1 0
github.com/Wilberucx/dots/internal/config/config.go:168.82,170.17 1 1
github.com/Wilberucx/dots/internal/config/config.go:170.17,172.3 1 0
github.com/Wilberucx/dots/internal/config/config.go:175.2,175.44 1 1
github.com/Wilberucx/dots/internal/config/config.go:179.85,181.20 2 0
github.com/Wilberucx/dots/internal/config/config.go:181.20,183.3 1 0
github.com/Wilberucx/dots/internal/config/config.go:185.2,185.22 1 0
github.com/Wilberucx/dots/internal/config/config.go:185.22,187.29 2 0
github.com/Wilberucx/dots/internal/config/config.go:187.29,189.4 1 0
github.com/Wilberucx/dots/internal/config/config.go:190.3,191.32 2 0
github.com/Wilberucx/dots/internal/config/config.go:191.32,192.33 1 0
github.com/Wilberucx/dots/internal/config/config.go:192.33,194.5 1 0
github.com/Wilberucx/dots/internal/config/config.go:196.3,196.21 1 0
github.com/Wilberucx/dots/internal/config/config.go:200.2,202.21 2 0
github.com/Wilberucx/dots/internal/config/config.go:206.86,208.16 2 1
github.com/Wilberucx/dots/internal/config/config.go:208.16,210.3 1 0
github.com/Wilberucx/dots/internal/config/config.go:212.2,213.32 2 1
github.com/Wilberucx/dots/internal/config/config.go:213.32,214.21 1 1
github.com/Wilberucx/dots/internal/config/config.go:214.21,215.12 1 0
github.com/Wilberucx/dots/internal/config/config.go:217.3,217.43 1 1
github.com/Wilberucx/dots/internal/config/config.go:217.43,218.12 1 1
github.com/Wilberucx/dots/internal/config/config.go:220.3,221.54 2 1
github.com/Wilberucx/dots/internal/config/config.go:221.54,222.12 1 0
github.com/Wilberucx/dots/internal/config/config.go:224.3,227.5 1 1
github.com/Wilberucx/dots/internal/config/config.go:230.2,230.22 1 1
github.com/Wilberucx/dots/internal/config/config.go:230.22,232.29 2 1
github.com/Wilberucx/dots/internal/config/config.go:232.29,234.4 1 1
github.com/Wilberucx/dots/internal/config/config.go:235.3,236.32 2 1
github.com/Wilberucx/dots/internal/config/config.go:236.32,237.33 1 1
github.com/Wilberucx/dots/internal/config/config.go:237.33,239.5 1 1
github.com/Wilberucx/dots/internal/config/config.go:241.3,241.21 1 1
github.com/Wilberucx/dots/internal/config/config.go:244.2,244.20 1 1
github.com/Wilberucx/dots/internal/config/config.go:244.20,246.29 2 0
github.com/Wilberucx/dots/internal/config/config.go:246.29,248.18 2 0
github.com/Wilberucx/dots/internal/config/config.go:248.18,249.13 1 0
github.com/Wilberucx/dots/internal/config/config.go:251.4,252.28 2 0
github.com/Wilberucx/dots/internal/config/config.go:252.28,253.24 1 0
github.com/Wilberucx/dots/internal/config/config.go:253.24,255.11 2 0
github.com/Wilberucx/dots/internal/config/config.go:259.3,259.21 1 0
github.com/Wilberucx/dots/internal/config/config.go:262.2,262.21 1 1
github.com/Wilberucx/dots/internal/config/config.go:274.71,276.16 2 1
github.com/Wilberucx/dots/internal/config/config.go:276.16,277.25 1 1
github.com/Wilberucx/dots/internal/config/config.go:277.25,279.4 1 1
github.com/Wilberucx/dots/internal/config/config.go:280.3,280.18 1 0
github.com/Wilberucx/dots/internal/config/config.go:283.2,284.51 2 1
github.com/Wilberucx/dots/internal/config/config.go:284.51,286.3 1 0
github.com/Wilberucx/dots/internal/config/config.go:288.2,289.39 2 1
github.com/Wilberucx/dots/internal/config/config.go:289.39,291.3 1 1
github.com/Wilberucx/dots/internal/config/config.go:292.2,292.18 1 1
github.com/Wilberucx/dots/internal/writer/module_writer.go:13.53,15.16 2 1
github.com/Wilberucx/dots/internal/writer/module_writer.go:15.16,17.3 1 1
github.com/Wilberucx/dots/internal/writer/module_writer.go:18.2,18.32 1 1
github.com/Wilberucx/dots/internal/writer/module_writer.go:23.61,25.16 2 1
github.com/Wilberucx/dots/internal/writer/module_writer.go:25.16,26.25 1 1
github.com/Wilberucx/dots/internal/writer/module_writer.go:26.25,28.4 1 1
github.com/Wilberucx/dots/internal/writer/module_writer.go:29.3,29.58 1 0
github.com/Wilberucx/dots/internal/writer/module_writer.go:32.2,33.54 2 1
github.com/Wilberucx/dots/internal/writer/module_writer.go:33.54,35.3 1 1
github.com/Wilberucx/dots/internal/writer/module_writer.go:36.2,36.19 1 1
github.com/Wilberucx/dots/internal/writer/module_writer.go:36.19,38.3 1 1
github.com/Wilberucx/dots/internal/writer/module_writer.go:39.2,39.15 1 1
github.com/Wilberucx/dots/internal/writer/module_writer.go:44.82,46.9 2 1
github.com/Wilberucx/dots/internal/writer/module_writer.go:46.9,48.3 1 1
github.com/Wilberucx/dots/internal/writer/module_writer.go:50.2,50.29 1 1
github.com/Wilberucx/dots/internal/writer/module_writer.go:50.29,52.10 2 1
github.com/Wilberucx/dots/internal/writer/module_writer.go:52.10,53.12 1 1
github.com/Wilberucx/dots/internal/writer/module_writer.go:57.3,57.42 1 1
github.com/Wilberucx/dots/internal/writer/module_writer.go:57.42,59.4 1 1
github.com/Wilberucx/dots/internal/writer/module_writer.go:62.3,62.64 1 1
github.com/Wilberucx/dots/internal/writer/module_writer.go:62.64,63.28 1 1
github.com/Wilberucx/dots/internal/writer/module_writer.go:63.28,64.25 1 1
github.com/Wilberucx/dots/internal/writer/module_writer.go:64.25,66.6 1 1
github.com/Wilberucx/dots/internal/writer/module_writer.go:71.2,71.14 1 1
github.com/Wilberucx/dots/internal/writer/module_writer.go:76.75,81.9 3 1
github.com/Wilberucx/dots/internal/writer/module_writer.go:81.9,83.3 1 0
github.com/Wilberucx/dots/internal/writer/module_writer.go:85.2,90.16 4 1
github.com/Wilberucx/dots/internal/writer/module_writer.go:90.16,92.3 1 0
github.com/Wilberucx/dots/internal/writer/module_writer.go:94.2,94.59 1 1
github.com/Wilberucx/dots/internal/writer/module_writer.go:94.59,96.3 1 0
github.com/Wilberucx/dots/internal/writer/module_writer.go:98.2,98.12 1 1
github.com/Wilberucx/dots/internal/writer/module_writer.go:102.50,105.48 2 1
github.com/Wilberucx/dots/internal/writer/module_writer.go:105.48,107.3 1 0
github.com/Wilberucx/dots/internal/writer/module_writer.go:109.2,109.67 1 1
github.com/Wilberucx/dots/internal/writer/module_writer.go:109.67,111.3 1 0
github.com/Wilberucx/dots/internal/writer/module_writer.go:112.2,112.12 1 1
github.com/Wilberucx/dots/internal/writer/module_writer.go:116.47,118.16 2 1
github.com/Wilberucx/dots/internal/writer/module_writer.go:118.16,120.3 1 0
github.com/Wilberucx/dots/internal/writer/module_writer.go:121.2,123.50 2 1
github.com/Wilberucx/dots/internal/writer/module_writer.go:123.50,125.3 1 0
github.com/Wilberucx/dots/internal/writer/module_writer.go:126.2,126.12 1 1
github.com/Wilberucx/dots/internal/writer/module_writer.go:130.37,134.9 3 1
github.com/Wilberucx/dots/internal/writer/module_writer.go:135.38,136.46 1 1
github.com/Wilberucx/dots/internal/writer/module_writer.go:137.39,138.48 1 1
github.com/Wilberucx/dots/internal/writer/module_writer.go:139.39,140.71 1 1
github.com/Wilberucx/dots/internal/writer/module_writer.go:144.2,144.66 1 1
github.com/Wilberucx/dots/internal/writer/module_writer.go:144.66,146.3 1 1
github.com/Wilberucx/dots/internal/writer/module_writer.go:147.2,147.67 1 1
github.com/Wilberucx/dots/internal/writer/module_writer.go:147.67,149.3 1 1
github.com/Wilberucx/dots/internal/writer/module_writer.go:150.2,150.90 1 1
github.com/Wilberucx/dots/internal/writer/module_writer.go:150.90,152.3 1 1
github.com/Wilberucx/dots/internal/writer/module_writer.go:154.2,154.49 1 1
github.com/Wilberucx/dots/internal/transaction/transaction.go:20.37,21.11 1 0
github.com/Wilberucx/dots/internal/transaction/transaction.go:22.21,23.19 1 0
github.com/Wilberucx/dots/internal/transaction/transaction.go:24.20,25.18 1 0
github.com/Wilberucx/dots/internal/transaction/transaction.go:26.19,27.17 1 0
github.com/Wilberucx/dots/internal/transaction/transaction.go:28.20,29.18 1 0
github.com/Wilberucx/dots/internal/transaction/transaction.go:30.18,31.16 1 0
github.com/Wilberucx/dots/internal/transaction/transaction.go:32.10,33.19 1 0
github.com/Wilberucx/dots/internal/transaction/transaction.go:60.61,61.49 1 1
github.com/Wilberucx/dots/internal/transaction/transaction.go:61.49,63.3 1 0
github.com/Wilberucx/dots/internal/transaction/transaction.go:64.2,69.12 2 1
github.com/Wilberucx/dots/internal/transaction/transaction.go:74.64,76.50 1 1
github.com/Wilberucx/dots/internal/transaction/transaction.go:76.50,78.3 1 1
github.com/Wilberucx/dots/internal/transaction/transaction.go:80.2,80.52 1 1
github.com/Wilberucx/dots/internal/transaction/transaction.go:80.52,82.3 1 0
github.com/Wilberucx/dots/internal/transaction/transaction.go:84.2,89.12 2 1
github.com/Wilberucx/dots/internal/transaction/transaction.go:93.55,94.48 1 1
github.com/Wilberucx/dots/internal/transaction/transaction.go:94.48,96.3 1 0
github.com/Wilberucx/dots/internal/transaction/transaction.go:98.2,98.63 1 1
github.com/Wilberucx/dots/internal/transaction/transaction.go:98.63,100.3 1 0
github.com/Wilberucx/dots/internal/transaction/transaction.go:102.2,102.45 1 1
github.com/Wilberucx/dots/internal/transaction/transaction.go:102.45,104.3 1 0
github.com/Wilberucx/dots/internal/transaction/transaction.go:106.2,111.12 2 1
github.com/Wilberucx/dots/internal/transaction/transaction.go:115.51,116.49 1 1
github.com/Wilberucx/dots/internal/transaction/transaction.go:116.49,118.3 1 0
github.com/Wilberucx/dots/internal/transaction/transaction.go:119.2,123.12 2 1
github.com/Wilberucx/dots/internal/transaction/transaction.go:127.52,129.50 1 1
github.com/Wilberucx/dots/internal/transaction/transaction.go:129.50,131.3 1 1
github.com/Wilberucx/dots/internal/transaction/transaction.go:134.2,135.48 2 1
github.com/Wilberucx/dots/internal/transaction/transaction.go:135.48,137.3 1 1
github.com/Wilberucx/dots/internal/transaction/transaction.go:139.2,139.40 1 1
github.com/Wilberucx/dots/internal/transaction/transaction.go:139.40,141.3 1 0
github.com/Wilberucx/dots/internal/transaction/transaction.go:143.2,148.12 2 1
github.com/Wilberucx/dots/internal/transaction/transaction.go:152.35,154.2 1 1
github.com/Wilberucx/dots/internal/transaction/transaction.go:158.37,159.17 1 1
github.com/Wilberucx/dots/internal/transaction/transaction.go:159.17,161.3 1 1
github.com/Wilberucx/dots/internal/transaction/transaction.go:163.2,163.43 1 1
github.com/Wilberucx/dots/internal/transaction/transaction.go:163.43,165.19 2 1
github.com/Wilberucx/dots/internal/transaction/transaction.go:166.22,167.88 1 1
github.com/Wilberucx/dots/internal/transaction/transaction.go:167.88,168.47 1 1
github.com/Wilberucx/dots/internal/transaction/transaction.go:168.47,170.6 1 0
github.com/Wilberucx/dots/internal/transaction/transaction.go:172.21,173.53 1 1
github.com/Wilberucx/dots/internal/transaction/transaction.go:173.53,174.63 1 1
github.com/Wilberucx/dots/internal/transaction/transaction.go:174.63,176.6 1 0
github.com/Wilberucx/dots/internal/transaction/transaction.go:178.19,179.49 1 1
github.com/Wilberucx/dots/internal/transaction/transaction.go:179.49,180.59 1 1
github.com/Wilberucx/dots/internal/transaction/transaction.go:180.59,182.6 1 0
github.com/Wilberucx/dots/internal/transaction/transaction.go:184.20,185.62 1 0
github.com/Wilberucx/dots/internal/transaction/transaction.go:185.62,186.47 1 0
github.com/Wilberucx/dots/internal/transaction/transaction.go:186.47,188.6 1 0
github.com/Wilberucx/dots/internal/transaction/transaction.go:190.21,191.24 1 1
github.com/Wilberucx/dots/internal/transaction/transaction.go:191.24,192.57 1 1
github.com/Wilberucx/dots/internal/transaction/transaction.go:192.57,193.61 1 1
github.com/Wilberucx/dots/internal/transaction/transaction.go:193.61,195.7 1 0
github.com/Wilberucx/dots/internal/plan/plan.go:55.87,58.41 2 1
github.com/Wilberucx/dots/internal/plan/plan.go:58.41,61.61 2 1
github.com/Wilberucx/dots/internal/plan/plan.go:61.61,63.4 1 1
github.com/Wilberucx/dots/internal/plan/plan.go:65.3,65.31 1 1
github.com/Wilberucx/dots/internal/plan/plan.go:65.31,68.4 2 1
github.com/Wilberucx/dots/internal/plan/plan.go:71.2,71.10 1 1
github.com/Wilberucx/dots/internal/plan/plan.go:75.95,84.18 2 1
github.com/Wilberucx/dots/internal/plan/plan.go:85.28,87.33 2 1
github.com/Wilberucx/dots/internal/plan/plan.go:89.28,92.24 3 1
github.com/Wilberucx/dots/internal/plan/plan.go:92.24,94.4 1 0
github.com/Wilberucx/dots/internal/plan/plan.go:96.29,98.38 2 0
github.com/Wilberucx/dots/internal/plan/plan.go:100.30,101.21 1 1
github.com/Wilberucx/dots/internal/plan/plan.go:101.21,104.4 2 1
github.com/Wilberucx/dots/internal/plan/plan.go:104.9,106.23 2 1
github.com/Wilberucx/dots/internal/plan/plan.go:106.23,108.5 1 1
github.com/Wilberucx/dots/internal/plan/plan.go:108.10,110.5 1 1
github.com/Wilberucx/dots/internal/plan/plan.go:113.30,114.35 1 1
github.com/Wilberucx/dots/internal/plan/plan.go:114.35,116.24 2 1
github.com/Wilberucx/dots/internal/plan/plan.go:116.24,118.5 1 1
github.com/Wilberucx/dots/internal/plan/plan.go:121.4,121.51 1 1
github.com/Wilberucx/dots/internal/plan/plan.go:121.51,124.38 2 1
github.com/Wilberucx/dots/internal/plan/plan.go:124.38,125.59 1 1
github.com/Wilberucx/dots/internal/plan/plan.go:125.59,127.7 1 1
github.com/Wilberucx/dots/internal/plan/plan.go:129.5,131.33 3 1
github.com/Wilberucx/dots/internal/plan/plan.go:132.10,132.34 1 1
github.com/Wilberucx/dots/internal/plan/plan.go:132.34,137.5 3 0
github.com/Wilberucx/dots/internal/plan/plan.go:137.10,141.5 3 1
github.com/Wilberucx/dots/internal/plan/plan.go:142.9,145.4 2 1
github.com/Wilberucx/dots/internal/plan/plan.go:148.2,148.13 1 1
github.com/Wilberucx/dots/internal/plan/plan.go:152.70,155.41 2 1
github.com/Wilberucx/dots/internal/plan/plan.go:155.41,156.31 1 1
github.com/Wilberucx/dots/internal/plan/plan.go:156.31,165.20 2 1
github.com/Wilberucx/dots/internal/plan/plan.go:166.30,168.31 2 1
github.com/Wilberucx/dots/internal/plan/plan.go:170.54,172.51 2 0
github.com/Wilberucx/dots/internal/plan/plan.go:174.55,176.30 2 1
github.com/Wilberucx/dots/internal/plan/plan.go:178.12,180.29 2 0
github.com/Wilberucx/dots/internal/plan/plan.go:183.4,183.38 1 1
github.com/Wilberucx/dots/internal/plan/plan.go:187.2,187.10 1 1
github.com/Wilberucx/dots/internal/plan/plan.go:191.49,193.30 2 1
github.com/Wilberucx/dots/internal/plan/plan.go:193.30,195.3 1 1
github.com/Wilberucx/dots/internal/plan/plan.go:196.2,196.15 1 1
github.com/Wilberucx/dots/internal/plan/plan.go:201.49,203.30 2 1
github.com/Wilberucx/dots/internal/plan/plan.go:203.30,204.17 1 1
github.com/Wilberucx/dots/internal/plan/plan.go:205.68,206.30 1 1
github.com/Wilberucx/dots/internal/plan/plan.go:209.2,209.15 1 1
github.com/Wilberucx/dots/internal/plan/plan.go:213.39,216.30 3 1
github.com/Wilberucx/dots/internal/plan/plan.go:216.30,217.22 1 1
github.com/Wilberucx/dots/internal/plan/plan.go:217.22,220.4 2 1
github.com/Wilberucx/dots/internal/plan/plan.go:222.2,223.14 2 1
github.com/Wilberucx/dots/internal/plan/plan.go:227.54,229.30 2 1
github.com/Wilberucx/dots/internal/plan/plan.go:229.30,231.3 1 1
github.com/Wilberucx/dots/internal/plan/plan.go:232.2,232.15 1 1
github.com/Wilberucx/dots/internal/checker/checker.go:46.35,47.33 1 1
github.com/Wilberucx/dots/internal/checker/checker.go:47.33,48.38 1 1
github.com/Wilberucx/dots/internal/checker/checker.go:48.38,50.4 1 1
github.com/Wilberucx/dots/internal/checker/checker.go:52.2,52.14 1 1
github.com/Wilberucx/dots/internal/checker/checker.go:56.37,57.33 1 1
github.com/Wilberucx/dots/internal/checker/checker.go:57.33,58.40 1 1
github.com/Wilberucx/dots/internal/checker/checker.go:58.40,60.4 1 1
github.com/Wilberucx/dots/internal/checker/checker.go:62.2,62.14 1 1
github.com/Wilberucx/dots/internal/checker/checker.go:73.75,75.19 2 1
github.com/Wilberucx/dots/internal/checker/checker.go:75.19,77.3 1 0
github.com/Wilberucx/dots/internal/checker/checker.go:79.2,82.16 3 1
github.com/Wilberucx/dots/internal/checker/checker.go:82.16,88.3 2 0
github.com/Wilberucx/dots/internal/checker/checker.go:90.2,92.30 2 1
github.com/Wilberucx/dots/internal/checker/checker.go:92.30,95.44 2 1
github.com/Wilberucx/dots/internal/checker/checker.go:95.44,98.12 3 0
github.com/Wilberucx/dots/internal/checker/checker.go:102.3,108.23 5 1
github.com/Wilberucx/dots/internal/checker/checker.go:108.23,115.4 1 1
github.com/Wilberucx/dots/internal/checker/checker.go:119.2,119.58 1 1
github.com/Wilberucx/dots/internal/checker/checker.go:119.58,124.3 1 1
github.com/Wilberucx/dots/internal/checker/checker.go:126.2,126.15 1 1
github.com/Wilberucx/dots/internal/checker/checker.go:130.98,131.52 1 0
github.com/Wilberucx/dots/internal/checker/checker.go:131.52,139.3 2 0
github.com/Wilberucx/dots/internal/checker/checker.go:142.2,143.16 2 0
github.com/Wilberucx/dots/internal/checker/checker.go:143.16,151.3 2 0
github.com/Wilberucx/dots/internal/checker/checker.go:154.2,154.68 1 0
github.com/Wilberucx/dots/internal/checker/checker.go:159.144,162.51 2 0
github.com/Wilberucx/dots/internal/checker/checker.go:162.51,165.3 1 0
github.com/Wilberucx/dots/internal/checker/checker.go:165.8,171.37 5 0
github.com/Wilberucx/dots/internal/checker/checker.go:171.37,173.4 1 0
github.com/Wilberucx/dots/internal/checker/checker.go:176.2,176.36 1 0
github.com/Wilberucx/dots/internal/checker/checker.go:176.36,178.74 1 0
github.com/Wilberucx/dots/internal/checker/checker.go:178.74,179.12 1 0
github.com/Wilberucx/dots/internal/checker/checker.go:182.3,183.56 2 0
github.com/Wilberucx/dots/internal/checker/checker.go:183.56,190.4 1 0
github.com/Wilberucx/dots/internal/checker/checker.go:195.63,197.16 2 1
github.com/Wilberucx/dots/internal/checker/checker.go:197.16,198.45 1 1
github.com/Wilberucx/dots/internal/checker/checker.go:198.45,202.46 3 1
github.com/Wilberucx/dots/internal/checker/checker.go:202.46,204.5 1 0
github.com/Wilberucx/dots/internal/checker/checker.go:205.4,206.32 2 1
github.com/Wilberucx/dots/internal/checker/checker.go:206.32,207.43 1 1
github.com/Wilberucx/dots/internal/checker/checker.go:207.43,214.6 1 1
github.com/Wilberucx/dots/internal/checker/checker.go:214.11,214.48 1 0
github.com/Wilberucx/dots/internal/checker/checker.go:214.48,216.30 2 0
github.com/Wilberucx/dots/internal/checker/checker.go:216.30,217.24 1 0
github.com/Wilberucx/dots/internal/checker/checker.go:218.19,220.137 2 0
github.com/Wilberucx/dots/internal/checker/checker.go:221.21,222.169 1 0
github.com/Wilberucx/dots/internal/checker/checker.go:225.6,230.8 1 0
github.com/Wilberucx/dots/internal/checker/checker.go:238.98,240.16 2 1
github.com/Wilberucx/dots/internal/checker/checker.go:240.16,248.3 2 0
github.com/Wilberucx/dots/internal/checker/checker.go:250.2,251.53 2 1
github.com/Wilberucx/dots/internal/checker/checker.go:251.53,259.3 2 1
github.com/Wilberucx/dots/internal/checker/checker.go:261.2,261.16 1 1
github.com/Wilberucx/dots/internal/checker/checker.go:261.16,269.3 2 1
github.com/Wilberucx/dots/internal/checker/checker.go:272.2,272.39 1 1
github.com/Wilberucx/dots/internal/checker/checker.go:272.39,273.33 1 1
github.com/Wilberucx/dots/internal/checker/checker.go:273.33,281.4 2 1
github.com/Wilberucx/dots/internal/checker/checker.go:285.2,286.57 2 1
github.com/Wilberucx/dots/internal/checker/checker.go:286.57,287.28 1 1
github.com/Wilberucx/dots/internal/checker/checker.go:287.28,288.49 1 1
github.com/Wilberucx/dots/internal/checker/checker.go:288.49,289.26 1 1
github.com/Wilberucx/dots/internal/checker/checker.go:289.26,290.33 1 1
github.com/Wilberucx/dots/internal/checker/checker.go:290.33,299.7 2 1
github.com/Wilberucx/dots/internal/checker/checker.go:306.2,306.51 1 1
github.com/Wilberucx/dots/internal/checker/checker.go:306.51,307.27 1 1
github.com/Wilberucx/dots/internal/checker/checker.go:307.27,308.50 1 1
github.com/Wilberucx/dots/internal/checker/checker.go:308.50,309.29 1 1
github.com/Wilberucx/dots/internal/checker/checker.go:309.29,310.34 1 1
github.com/Wilberucx/dots/internal/checker/checker.go:310.34,319.7 2 1
github.com/Wilberucx/dots/internal/checker/checker.go:327.2,327.11 1 1
github.com/Wilberucx/dots/internal/checker/checker.go:327.11,329.3 1 1
github.com/Wilberucx/dots/internal/checker/checker.go:332.2,332.57 1 1
github.com/Wilberucx/dots/internal/checker/checker.go:332.57,333.28 1 1
github.com/Wilberucx/dots/internal/checker/checker.go:333.28,334.49 1 1
github.com/Wilberucx/dots/internal/checker/checker.go:334.49,336.5 1 1
github.com/Wilberucx/dots/internal/checker/checker.go:341.2,341.51 1 1
github.com/Wilberucx/dots/internal/checker/checker.go:341.51,343.27 2 1
github.com/Wilberucx/dots/internal/checker/checker.go:343.27,344.50 1 1
github.com/Wilberucx/dots/internal/checker/checker.go:344.50,348.5 3 1
github.com/Wilberucx/dots/internal/checker/checker.go:353.2,358.23 2 1
github.com/Wilberucx/dots/internal/checker/checker.go:358.23,359.22 1 1
github.com/Wilberucx/dots/internal/checker/checker.go:359.22,367.4 1 0
github.com/Wilberucx/dots/internal/checker/checker.go:372.90,374.19 2 1
github.com/Wilberucx/dots/internal/checker/checker.go:374.19,376.3 1 0
github.com/Wilberucx/dots/internal/checker/checker.go:378.2,379.19 2 1
github.com/Wilberucx/dots/internal/checker/checker.go:379.19,381.3 1 0
github.com/Wilberucx/dots/internal/checker/checker.go:383.2,386.54 2 1
github.com/Wilberucx/dots/internal/checker/checker.go:386.54,388.44 2 1
github.com/Wilberucx/dots/internal/checker/checker.go:388.44,390.4 1 1
github.com/Wilberucx/dots/internal/checker/checker.go:391.3,397.5 1 1
github.com/Wilberucx/dots/internal/checker/checker.go:401.2,401.58 1 1
github.com/Wilberucx/dots/internal/checker/checker.go:401.58,402.32 1 1
github.com/Wilberucx/dots/internal/checker/checker.go:402.32,403.32 1 1
github.com/Wilberucx/dots/internal/checker/checker.go:403.32,411.5 1 1
github.com/Wilberucx/dots/internal/checker/checker.go:416.2,422.23 2 1
github.com/Wilberucx/dots/internal/checker/checker.go:422.23,423.27 1 1
github.com/Wilberucx/dots/internal/checker/checker.go:423.27,431.4 1 1
github.com/Wilberucx/dots/internal/checker/checker.go:435.2,447.42 2 1
github.com/Wilberucx/dots/internal/checker/checker.go:447.42,448.28 1 1
github.com/Wilberucx/dots/internal/checker/checker.go:448.28,449.22 1 1
github.com/Wilberucx/dots/internal/checker/checker.go:450.18,451.33 1 1
github.com/Wilberucx/dots/internal/checker/checker.go:451.33,459.6 1 0
github.com/Wilberucx/dots/internal/checker/checker.go:465.2,465.30 1 1
github.com/Wilberucx/dots/internal/checker/checker.go:465.30,466.47 1 1
github.com/Wilberucx/dots/internal/checker/checker.go:466.47,474.4 1 1
github.com/Wilberucx/dots/internal/checker/checker.go:478.2,478.34 1 1
github.com/Wilberucx/dots/internal/checker/checker.go:478.34,479.47 1 1
github.com/Wilberucx/dots/internal/checker/checker.go:479.47,487.4 1 1
github.com/Wilberucx/dots/internal/checker/checker.go:492.124,494.18 2 1
github.com/Wilberucx/dots/internal/checker/checker.go:494.18,503.3 2 0
github.com/Wilberucx/dots/internal/checker/checker.go:505.2,511.27 4 1
github.com/Wilberucx/dots/internal/checker/checker.go:511.27,518.3 1 1
github.com/Wilberucx/dots/internal/checker/checker.go:521.2,521.38 1 1
github.com/Wilberucx/dots/internal/checker/checker.go:521.38,522.57 1 1
github.com/Wilberucx/dots/internal/checker/checker.go:522.57,523.33 1 1
github.com/Wilberucx/dots/internal/checker/checker.go:523.33,524.27 1 1
github.com/Wilberucx/dots/internal/checker/checker.go:524.27,531.6 1 1
github.com/Wilberucx/dots/internal/checker/checker.go:533.9,541.4 1 0
github.com/Wilberucx/dots/internal/checker/checker.go:545.2,545.37 1 1
github.com/Wilberucx/dots/internal/checker/checker.go:545.37,546.49 1 1
github.com/Wilberucx/dots/internal/checker/checker.go:546.49,547.29 1 1
github.com/Wilberucx/dots/internal/checker/checker.go:547.29,548.36 1 1
github.com/Wilberucx/dots/internal/checker/checker.go:548.36,549.27 1 1
github.com/Wilberucx/dots/internal/checker/checker.go:549.27,556.7 1 1
github.com/Wilberucx/dots/internal/checker/checker.go:559.9,567.4 1 0
github.com/Wilberucx/dots/internal/checker/checker.go:571.2,574.25 2 1
github.com/Wilberucx/dots/internal/checker/checker.go:574.25,575.28 1 1
github.com/Wilberucx/dots/internal/checker/checker.go:575.28,583.4 1 1
github.com/Wilberucx/dots/internal/checker/checker.go:588.125,590.18 2 1
github.com/Wilberucx/dots/internal/checker/checker.go:590.18,592.3 1 0
github.com/Wilberucx/dots/internal/checker/checker.go:595.2,595.40 1 1
github.com/Wilberucx/dots/internal/checker/checker.go:595.40,597.3 1 1
github.com/Wilberucx/dots/internal/checker/checker.go:599.2,600.55 2 1
github.com/Wilberucx/dots/internal/checker/checker.go:600.55,607.3 1 1
github.com/Wilberucx/dots/internal/checker/checker.go:611.123,613.18 2 1
github.com/Wilberucx/dots/internal/checker/checker.go:613.18,615.3 1 0
github.com/Wilberucx/dots/internal/checker/checker.go:617.2,617.23 1 1
github.com/Wilberucx/dots/internal/checker/checker.go:617.23,624.3 1 1
github.com/Wilberucx/dots/internal/checker/checker.go:625.2,625.26 1 1
github.com/Wilberucx/dots/internal/checker/checker.go:629.32,630.12 1 1
github.com/Wilberucx/dots/internal/checker/checker.go:631.33,632.14 1 1
github.com/Wilberucx/dots/internal/checker/checker.go:634.2,634.14 1 1
github.com/Wilberucx/dots/internal/checker/checker.go:638.58,639.34 1 1
github.com/Wilberucx/dots/internal/checker/checker.go:639.34,641.3 1 1
github.com/Wilberucx/dots/internal/checker/checker.go:642.2,642.11 1 1
github.com/Wilberucx/dots/internal/checker/checker.go:646.38,650.24 3 1
github.com/Wilberucx/dots/internal/checker/checker.go:651.21,653.27 2 1
github.com/Wilberucx/dots/internal/checker/checker.go:654.23,656.29 2 1
github.com/Wilberucx/dots/internal/checker/checker.go:657.10,659.25 2 0
github.com/Wilberucx/dots/internal/checker/checker.go:662.2,662.86 1 1
github.com/Wilberucx/dots/internal/checker/checker.go:666.34,667.29 1 0
github.com/Wilberucx/dots/internal/checker/checker.go:667.29,669.3 1 0
github.com/Wilberucx/dots/internal/checker/checker.go:671.2,671.38 1 0
github.com/Wilberucx/dots/internal/checker/checker.go:671.38,673.3 1 0
github.com/Wilberucx/dots/internal/checker/checker.go:676.2,678.38 3 0
github.com/Wilberucx/dots/internal/checker/checker.go:678.38,679.25 1 0
github.com/Wilberucx/dots/internal/checker/checker.go:680.22,681.14 1 0
github.com/Wilberucx/dots/internal/checker/checker.go:682.24,683.15 1 0
github.com/Wilberucx/dots/internal/checker/checker.go:687.2,688.18 2 0
github.com/Wilberucx/dots/internal/checker/checker.go:688.18,690.3 1 0
github.com/Wilberucx/dots/internal/checker/checker.go:691.2,691.19 1 0
github.com/Wilberucx/dots/internal/checker/checker.go:691.19,693.3 1 0
github.com/Wilberucx/dots/internal/checker/checker.go:695.2,695.62 1 0
github.com/Wilberucx/dots/internal/resolver/resolver.go:40.40,42.2 1 1
github.com/Wilberucx/dots/internal/resolver/resolver.go:45.97,51.47 4 1
github.com/Wilberucx/dots/internal/resolver/resolver.go:51.47,53.3 1 0
github.com/Wilberucx/dots/internal/resolver/resolver.go:56.2,57.16 2 1
github.com/Wilberucx/dots/internal/resolver/resolver.go:57.16,59.3 1 0
github.com/Wilberucx/dots/internal/resolver/resolver.go:60.2,60.21 1 1
github.com/Wilberucx/dots/internal/resolver/resolver.go:60.21,62.3 1 0
github.com/Wilberucx/dots/internal/resolver/resolver.go:64.2,65.19 2 1
github.com/Wilberucx/dots/internal/resolver/resolver.go:72.106,78.16 5 1
github.com/Wilberucx/dots/internal/resolver/resolver.go:78.16,80.3 1 0
github.com/Wilberucx/dots/internal/resolver/resolver.go:81.2,81.22 1 1
github.com/Wilberucx/dots/internal/resolver/resolver.go:81.22,83.3 1 0
github.com/Wilberucx/dots/internal/resolver/resolver.go:86.2,87.36 2 1
github.com/Wilberucx/dots/internal/resolver/resolver.go:87.36,88.26 1 1
github.com/Wilberucx/dots/internal/resolver/resolver.go:88.26,90.9 2 1
github.com/Wilberucx/dots/internal/resolver/resolver.go:94.2,94.25 1 1
github.com/Wilberucx/dots/internal/resolver/resolver.go:94.25,96.3 1 1
github.com/Wilberucx/dots/internal/resolver/resolver.go:99.2,99.57 1 0
github.com/Wilberucx/dots/internal/resolver/resolver.go:103.106,108.36 3 1
github.com/Wilberucx/dots/internal/resolver/resolver.go:108.36,109.26 1 1
github.com/Wilberucx/dots/internal/resolver/resolver.go:109.26,110.12 1 0
github.com/Wilberucx/dots/internal/resolver/resolver.go:112.3,113.17 2 1
github.com/Wilberucx/dots/internal/resolver/resolver.go:113.17,114.12 1 0
github.com/Wilberucx/dots/internal/resolver/resolver.go:116.3,116.54 1 1
github.com/Wilberucx/dots/internal/resolver/resolver.go:116.54,118.4 1 1
github.com/Wilberucx/dots/internal/resolver/resolver.go:119.3,119.75 1 1
github.com/Wilberucx/dots/internal/resolver/resolver.go:122.2,122.28 1 1
github.com/Wilberucx/dots/internal/resolver/resolver.go:122.28,124.3 1 0
github.com/Wilberucx/dots/internal/resolver/resolver.go:126.2,131.29 4 1
github.com/Wilberucx/dots/internal/resolver/resolver.go:131.29,133.21 2 1
github.com/Wilberucx/dots/internal/resolver/resolver.go:133.21,135.18 2 1
github.com/Wilberucx/dots/internal/resolver/resolver.go:135.18,137.5 1 1
github.com/Wilberucx/dots/internal/resolver/resolver.go:141.2,146.8 1 1
github.com/Wilberucx/dots/internal/resolver/resolver.go:150.106,152.36 2 0
github.com/Wilberucx/dots/internal/resolver/resolver.go:152.36,154.17 2 0
github.com/Wilberucx/dots/internal/resolver/resolver.go:154.17,155.12 1 0
github.com/Wilberucx/dots/internal/resolver/resolver.go:157.3,157.62 1 0
github.com/Wilberucx/dots/internal/resolver/resolver.go:160.2,163.43 3 0
github.com/Wilberucx/dots/internal/resolver/resolver.go:163.43,164.23 1 0
github.com/Wilberucx/dots/internal/resolver/resolver.go:164.23,165.32 1 0
github.com/Wilberucx/dots/internal/resolver/resolver.go:165.32,168.5 2 0
github.com/Wilberucx/dots/internal/resolver/resolver.go:172.2,172.24 1 0
github.com/Wilberucx/dots/internal/resolver/resolver.go:172.24,174.3 1 0
github.com/Wilberucx/dots/internal/resolver/resolver.go:176.2,182.8 2 0
github.com/Wilberucx/dots/internal/resolver/resolver.go:187.82,192.47 3 1
github.com/Wilberucx/dots/internal/resolver/resolver.go:192.47,194.3 1 1
github.com/Wilberucx/dots/internal/resolver/resolver.go:196.2,198.16 3 1
github.com/Wilberucx/dots/internal/resolver/resolver.go:198.16,200.3 1 0
github.com/Wilberucx/dots/internal/resolver/resolver.go:201.2,201.21 1 1
github.com/Wilberucx/dots/internal/resolver/resolver.go:201.21,203.3 1 0
github.com/Wilberucx/dots/internal/resolver/resolver.go:205.2,206.30 2 1
github.com/Wilberucx/dots/internal/resolver/resolver.go:206.30,208.3 1 1
github.com/Wilberucx/dots/internal/resolver/resolver.go:210.2,213.51 2 0
github.com/Wilberucx/dots/internal/resolver/resolver.go:213.51,215.30 2 0
github.com/Wilberucx/dots/internal/resolver/resolver.go:215.30,216.48 1 0
github.com/Wilberucx/dots/internal/resolver/resolver.go:216.48,217.13 1 0
github.com/Wilberucx/dots/internal/resolver/resolver.go:219.4,222.82 3 0
github.com/Wilberucx/dots/internal/resolver/resolver.go:222.82,224.19 2 0
github.com/Wilberucx/dots/internal/resolver/resolver.go:224.19,226.11 2 0
github.com/Wilberucx/dots/internal/resolver/resolver.go:229.5,229.36 1 0
github.com/Wilberucx/dots/internal/resolver/resolver.go:229.36,231.6 1 0
github.com/Wilberucx/dots/internal/resolver/resolver.go:232.5,233.19 2 0
github.com/Wilberucx/dots/internal/resolver/resolver.go:233.19,235.11 2 0
github.com/Wilberucx/dots/internal/resolver/resolver.go:238.5,239.19 2 0
github.com/Wilberucx/dots/internal/resolver/resolver.go:239.19,241.11 2 0
github.com/Wilberucx/dots/internal/resolver/resolver.go:244.5,244.34 1 0
github.com/Wilberucx/dots/internal/resolver/resolver.go:244.34,246.11 2 0
github.com/Wilberucx/dots/internal/resolver/resolver.go:248.10,250.10 2 0
github.com/Wilberucx/dots/internal/resolver/resolver.go:253.3,253.16 1 0
github.com/Wilberucx/dots/internal/resolver/resolver.go:253.16,255.4 1 0
github.com/Wilberucx/dots/internal/resolver/resolver.go:258.2,258.16 1 0
github.com/Wilberucx/dots/internal/resolver/resolver.go:262.97,264.54 2 1
github.com/Wilberucx/dots/internal/resolver/resolver.go:264.54,266.3 1 0
github.com/Wilberucx/dots/internal/resolver/resolver.go:268.2,273.16 5 1
github.com/Wilberucx/dots/internal/resolver/resolver.go:273.16,275.3 1 0
github.com/Wilberucx/dots/internal/resolver/resolver.go:278.2,279.36 2 1
github.com/Wilberucx/dots/internal/resolver/resolver.go:279.36,280.26 1 1
github.com/Wilberucx/dots/internal/resolver/resolver.go:280.26,282.9 2 1
github.com/Wilberucx/dots/internal/resolver/resolver.go:286.2,286.25 1 1
github.com/Wilberucx/dots/internal/resolver/resolver.go:286.25,288.46 1 1
github.com/Wilberucx/dots/internal/resolver/resolver.go:288.46,290.38 2 1
github.com/Wilberucx/dots/internal/resolver/resolver.go:290.38,291.37 1 1
github.com/Wilberucx/dots/internal/resolver/resolver.go:291.37,292.14 1 1
github.com/Wilberucx/dots/internal/resolver/resolver.go:294.5,294.55 1 1
github.com/Wilberucx/dots/internal/resolver/resolver.go:294.55,296.11 2 1
github.com/Wilberucx/dots/internal/resolver/resolver.go:299.4,299.17 1 1
github.com/Wilberucx/dots/internal/resolver/resolver.go:299.17,301.5 1 1
github.com/Wilberucx/dots/internal/resolver/resolver.go:303.3,303.17 1 1
github.com/Wilberucx/dots/internal/resolver/resolver.go:307.2,307.45 1 0
github.com/Wilberucx/dots/internal/resolver/resolver.go:307.45,309.37 2 0
github.com/Wilberucx/dots/internal/resolver/resolver.go:309.37,311.18 2 0
github.com/Wilberucx/dots/internal/resolver/resolver.go:311.18,312.13 1 0
github.com/Wilberucx/dots/internal/resolver/resolver.go:314.4,317.78 3 0
github.com/Wilberucx/dots/internal/resolver/resolver.go:317.78,319.19 2 0
github.com/Wilberucx/dots/internal/resolver/resolver.go:319.19,321.11 2 0
github.com/Wilberucx/dots/internal/resolver/resolver.go:324.5,324.36 1 0
github.com/Wilberucx/dots/internal/resolver/resolver.go:324.36,326.6 1 0
github.com/Wilberucx/dots/internal/resolver/resolver.go:327.5,328.19 2 0
github.com/Wilberucx/dots/internal/resolver/resolver.go:328.19,330.11 2 0
github.com/Wilberucx/dots/internal/resolver/resolver.go:333.5,334.19 2 0
github.com/Wilberucx/dots/internal/resolver/resolver.go:334.19,336.11 2 0
github.com/Wilberucx/dots/internal/resolver/resolver.go:339.5,339.34 1 0
github.com/Wilberucx/dots/internal/resolver/resolver.go:339.34,341.11 2 0
github.com/Wilberucx/dots/internal/resolver/resolver.go:343.10,345.10 2 0
github.com/Wilberucx/dots/internal/resolver/resolver.go:348.3,348.16 1 0
github.com/Wilberucx/dots/internal/resolver/resolver.go:348.16,350.4 1 0
github.com/Wilberucx/dots/internal/resolver/resolver.go:353.2,353.16 1 0
github.com/Wilberucx/dots/internal/resolver/resolver.go:358.74,360.16 2 1
github.com/Wilberucx/dots/internal/resolver/resolver.go:360.16,362.3 1 0
github.com/Wilberucx/dots/internal/resolver/resolver.go:363.2,366.16 3 1
github.com/Wilberucx/dots/internal/resolver/resolver.go:367.28,370.32 2 1
github.com/Wilberucx/dots/internal/resolver/resolver.go:370.32,372.4 1 1
github.com/Wilberucx/dots/internal/resolver/resolver.go:373.3,374.17 2 1
github.com/Wilberucx/dots/internal/resolver/resolver.go:374.17,376.4 1 0
github.com/Wilberucx/dots/internal/resolver/resolver.go:377.3,377.33 1 1
github.com/Wilberucx/dots/internal/resolver/resolver.go:377.33,380.45 3 1
github.com/Wilberucx/dots/internal/resolver/resolver.go:380.45,382.5 1 1
github.com/Wilberucx/dots/internal/resolver/resolver.go:384.3,384.14 1 1
github.com/Wilberucx/dots/internal/resolver/resolver.go:386.25,390.38 3 1
github.com/Wilberucx/dots/internal/resolver/resolver.go:390.38,392.4 1 1
github.com/Wilberucx/dots/internal/resolver/resolver.go:393.3,393.33 1 1
github.com/Wilberucx/dots/internal/resolver/resolver.go:393.33,395.42 2 1
github.com/Wilberucx/dots/internal/resolver/resolver.go:395.42,397.5 1 1
github.com/Wilberucx/dots/internal/resolver/resolver.go:399.3,399.14 1 1
github.com/Wilberucx/dots/internal/resolver/resolver.go:401.26,403.40 1 1
github.com/Wilberucx/dots/internal/resolver/resolver.go:405.10,407.40 1 1
github.com/Wilberucx/dots/internal/resolver/resolver.go:412.45,414.49 2 1
github.com/Wilberucx/dots/internal/resolver/resolver.go:414.49,416.3 1 1
github.com/Wilberucx/dots/internal/resolver/resolver.go:418.2,419.16 2 1
github.com/Wilberucx/dots/internal/resolver/resolver.go:419.16,421.3 1 0
github.com/Wilberucx/dots/internal/resolver/resolver.go:423.2,423.33 1 1
github.com/Wilberucx/dots/internal/resolver/resolver.go:423.33,425.3 1 0
github.com/Wilberucx/dots/internal/resolver/resolver.go:426.2,427.16 2 1
github.com/Wilberucx/dots/internal/resolver/resolver.go:427.16,429.3 1 0
github.com/Wilberucx/dots/internal/resolver/resolver.go:431.2,432.16 2 1
github.com/Wilberucx/dots/internal/resolver/resolver.go:432.16,434.3 1 0
github.com/Wilberucx/dots/internal/resolver/resolver.go:436.2,436.34 1 1
github.com/Wilberucx/dots/internal/resolver/resolver.go:445.36,449.16 3 1
github.com/Wilberucx/dots/internal/resolver/resolver.go:449.16,451.3 1 0
github.com/Wilberucx/dots/internal/resolver/resolver.go:453.2,453.30 1 1
github.com/Wilberucx/dots/internal/resolver/resolver.go:453.30,454.44 1 1
github.com/Wilberucx/dots/internal/resolver/resolver.go:454.44,457.18 2 1
github.com/Wilberucx/dots/internal/resolver/resolver.go:457.18,459.5 1 0
github.com/Wilberucx/dots/internal/resolver/resolver.go:462.4,462.43 1 1
github.com/Wilberucx/dots/internal/resolver/resolver.go:462.43,464.57 2 1
github.com/Wilberucx/dots/internal/resolver/resolver.go:464.57,468.32 3 1
github.com/Wilberucx/dots/internal/resolver/resolver.go:468.32,470.7 1 1
github.com/Wilberucx/dots/internal/resolver/resolver.go:471.6,472.20 2 1
github.com/Wilberucx/dots/internal/resolver/resolver.go:472.20,474.7 1 0
github.com/Wilberucx/dots/internal/resolver/resolver.go:475.6,476.14 2 1
github.com/Wilberucx/dots/internal/resolver/resolver.go:480.4,480.42 1 0
github.com/Wilberucx/dots/internal/resolver/resolver.go:480.42,482.5 1 0
github.com/Wilberucx/dots/internal/resolver/resolver.go:483.9,486.18 2 1
github.com/Wilberucx/dots/internal/resolver/resolver.go:486.18,488.5 1 0
github.com/Wilberucx/dots/internal/resolver/resolver.go:489.4,489.25 1 1
github.com/Wilberucx/dots/internal/resolver/resolver.go:489.25,491.5 1 1
github.com/Wilberucx/dots/internal/resolver/resolver.go:495.2,495.21 1 1
github.com/Wilberucx/dots/internal/resolver/resolver.go:499.108,503.16 3 1
github.com/Wilberucx/dots/internal/resolver/resolver.go:503.16,505.3 1 0
github.com/Wilberucx/dots/internal/resolver/resolver.go:506.2,506.21 1 1
github.com/Wilberucx/dots/internal/resolver/resolver.go:506.21,508.3 1 0
github.com/Wilberucx/dots/internal/resolver/resolver.go:511.2,514.19 2 1
github.com/Wilberucx/dots/internal/resolver/resolver.go:514.19,516.3 1 1
github.com/Wilberucx/dots/internal/resolver/resolver.go:516.8,516.36 1 1
github.com/Wilberucx/dots/internal/resolver/resolver.go:516.36,519.22 3 0
github.com/Wilberucx/dots/internal/resolver/resolver.go:519.22,521.4 1 0
github.com/Wilberucx/dots/internal/resolver/resolver.go:522.3,522.55 1 0
github.com/Wilberucx/dots/internal/resolver/resolver.go:525.2,525.75 1 1
github.com/Wilberucx/dots/internal/resolver/resolver.go:531.107,533.52 2 1
github.com/Wilberucx/dots/internal/resolver/resolver.go:533.52,535.3 1 0
github.com/Wilberucx/dots/internal/resolver/resolver.go:537.2,541.16 4 1
github.com/Wilberucx/dots/internal/resolver/resolver.go:541.16,543.3 1 0
github.com/Wilberucx/dots/internal/resolver/resolver.go:544.2,544.22 1 1
github.com/Wilberucx/dots/internal/resolver/resolver.go:544.22,546.3 1 0
github.com/Wilberucx/dots/internal/resolver/resolver.go:549.2,550.36 2 1
github.com/Wilberucx/dots/internal/resolver/resolver.go:550.36,551.26 1 1
github.com/Wilberucx/dots/internal/resolver/resolver.go:551.26,553.9 2 1
github.com/Wilberucx/dots/internal/resolver/resolver.go:559.2,562.41 3 1
github.com/Wilberucx/dots/internal/resolver/resolver.go:562.41,564.104 1 1
github.com/Wilberucx/dots/internal/resolver/resolver.go:564.104,565.12 1 1
github.com/Wilberucx/dots/internal/resolver/resolver.go:568.3,568.71 1 1
github.com/Wilberucx/dots/internal/resolver/resolver.go:568.71,569.12 1 1
github.com/Wilberucx/dots/internal/resolver/resolver.go:573.3,573.72 1 1
github.com/Wilberucx/dots/internal/resolver/resolver.go:573.72,574.12 1 0
github.com/Wilberucx/dots/internal/resolver/resolver.go:576.3,577.38 2 1
github.com/Wilberucx/dots/internal/resolver/resolver.go:580.2,580.22 1 1
github.com/Wilberucx/dots/internal/resolver/resolver.go:584.116,587.17 2 1
github.com/Wilberucx/dots/internal/resolver/resolver.go:588.25,592.36 3 0
github.com/Wilberucx/dots/internal/resolver/resolver.go:592.36,594.4 1 0
github.com/Wilberucx/dots/internal/resolver/resolver.go:595.3,597.45 2 0
github.com/Wilberucx/dots/internal/resolver/resolver.go:597.45,603.4 5 0
github.com/Wilberucx/dots/internal/resolver/resolver.go:605.26,609.36 3 0
github.com/Wilberucx/dots/internal/resolver/resolver.go:609.36,611.4 1 0
github.com/Wilberucx/dots/internal/resolver/resolver.go:612.3,614.60 2 0
github.com/Wilberucx/dots/internal/resolver/resolver.go:614.60,620.4 5 0
github.com/Wilberucx/dots/internal/resolver/resolver.go:622.28,626.36 3 1
github.com/Wilberucx/dots/internal/resolver/resolver.go:626.36,628.4 1 0
github.com/Wilberucx/dots/internal/resolver/resolver.go:629.3,631.60 2 1
github.com/Wilberucx/dots/internal/resolver/resolver.go:631.60,633.34 2 1
github.com/Wilberucx/dots/internal/resolver/resolver.go:633.34,641.5 7 1
github.com/Wilberucx/dots/internal/resolver/resolver.go:644.25,648.17 3 0
github.com/Wilberucx/dots/internal/resolver/resolver.go:648.17,650.4 1 0
github.com/Wilberucx/dots/internal/resolver/resolver.go:651.3,654.38 3 0
github.com/Wilberucx/dots/internal/resolver/resolver.go:654.38,656.4 1 0
github.com/Wilberucx/dots/internal/resolver/resolver.go:657.3,657.33 1 0
github.com/Wilberucx/dots/internal/resolver/resolver.go:657.33,664.4 6 0
github.com/Wilberucx/dots/internal/resolver/resolver.go:667.2,667.17 1 1
github.com/Wilberucx/dots/internal/resolver/resolver.go:672.64,674.51 1 1
github.com/Wilberucx/dots/internal/resolver/resolver.go:674.51,676.3 1 0
github.com/Wilberucx/dots/internal/resolver/resolver.go:679.2,679.21 1 1
github.com/Wilberucx/dots/internal/resolver/resolver.go:679.21,680.39 1 0
github.com/Wilberucx/dots/internal/resolver/resolver.go:680.39,682.4 1 0
github.com/Wilberucx/dots/internal/resolver/resolver.go:685.2,685.23 1 1
github.com/Wilberucx/dots/internal/resolver/resolver.go:689.134,693.29 3 1
github.com/Wilberucx/dots/internal/resolver/resolver.go:693.29,696.24 2 1
github.com/Wilberucx/dots/internal/resolver/resolver.go:696.24,698.4 1 0
github.com/Wilberucx/dots/internal/resolver/resolver.go:700.3,704.41 3 1
github.com/Wilberucx/dots/internal/resolver/resolver.go:704.41,707.4 2 1
github.com/Wilberucx/dots/internal/resolver/resolver.go:707.9,708.49 1 1
github.com/Wilberucx/dots/internal/resolver/resolver.go:708.49,710.5 1 1
github.com/Wilberucx/dots/internal/resolver/resolver.go:714.3,716.22 3 1
github.com/Wilberucx/dots/internal/resolver/resolver.go:716.22,718.4 1 0
github.com/Wilberucx/dots/internal/resolver/resolver.go:719.3,721.31 2 1
github.com/Wilberucx/dots/internal/resolver/resolver.go:721.31,724.38 2 1
github.com/Wilberucx/dots/internal/resolver/resolver.go:724.38,726.93 2 0
github.com/Wilberucx/dots/internal/resolver/resolver.go:726.93,727.14 1 0
github.com/Wilberucx/dots/internal/resolver/resolver.go:731.4,735.20 3 1
github.com/Wilberucx/dots/internal/resolver/resolver.go:735.20,737.5 1 1
github.com/Wilberucx/dots/internal/resolver/resolver.go:737.10,737.83 1 1
github.com/Wilberucx/dots/internal/resolver/resolver.go:737.83,740.35 2 0
github.com/Wilberucx/dots/internal/resolver/resolver.go:740.35,748.6 7 0
github.com/Wilberucx/dots/internal/resolver/resolver.go:749.5,749.13 1 0
github.com/Wilberucx/dots/internal/resolver/resolver.go:750.10,750.64 1 1
github.com/Wilberucx/dots/internal/resolver/resolver.go:750.64,752.5 1 0
github.com/Wilberucx/dots/internal/resolver/resolver.go:752.10,753.59 1 1
github.com/Wilberucx/dots/internal/resolver/resolver.go:753.59,755.6 1 0
github.com/Wilberucx/dots/internal/resolver/resolver.go:755.11,757.6 1 1
github.com/Wilberucx/dots/internal/resolver/resolver.go:760.4,764.35 5 1
github.com/Wilberucx/dots/internal/resolver/resolver.go:768.2,768.17 1 1
github.com/Wilberucx/dots/internal/resolver/resolver.go:773.75,775.30 1 1
github.com/Wilberucx/dots/internal/resolver/resolver.go:775.30,778.46 3 0
github.com/Wilberucx/dots/internal/resolver/resolver.go:778.46,780.4 1 0
github.com/Wilberucx/dots/internal/resolver/resolver.go:781.3,782.22 2 0
github.com/Wilberucx/dots/internal/resolver/resolver.go:782.22,784.4 1 0
github.com/Wilberucx/dots/internal/resolver/resolver.go:785.3,791.4 1 0
github.com/Wilberucx/dots/internal/resolver/resolver.go:794.2,796.45 3 1
github.com/Wilberucx/dots/internal/resolver/resolver.go:796.45,798.3 1 0
github.com/Wilberucx/dots/internal/resolver/resolver.go:801.2,804.76 2 1
github.com/Wilberucx/dots/internal/resolver/resolver.go:804.76,806.17 2 1
github.com/Wilberucx/dots/internal/resolver/resolver.go:806.17,814.4 1 0
github.com/Wilberucx/dots/internal/resolver/resolver.go:819.3,821.30 2 1
github.com/Wilberucx/dots/internal/resolver/resolver.go:821.30,823.4 1 0
github.com/Wilberucx/dots/internal/resolver/resolver.go:825.3,826.17 2 1
github.com/Wilberucx/dots/internal/resolver/resolver.go:826.17,835.4 1 1
github.com/Wilberucx/dots/internal/resolver/resolver.go:838.3,839.17 2 1
github.com/Wilberucx/dots/internal/resolver/resolver.go:839.17,841.4 1 0
github.com/Wilberucx/dots/internal/resolver/resolver.go:843.3,843.36 1 1
github.com/Wilberucx/dots/internal/resolver/resolver.go:843.36,851.4 1 1
github.com/Wilberucx/dots/internal/resolver/resolver.go:853.3,859.4 1 0
github.com/Wilberucx/dots/internal/resolver/resolver.go:863.2,863.41 1 1
github.com/Wilberucx/dots/internal/resolver/resolver.go:863.41,871.3 1 1
github.com/Wilberucx/dots/internal/resolver/resolver.go:874.2,880.3 1 1
github.com/Wilberucx/dots/internal/resolver/resolver.go:884.45,885.38 1 1
github.com/Wilberucx/dots/internal/resolver/resolver.go:885.38,887.3 1 1
github.com/Wilberucx/dots/internal/resolver/resolver.go:888.2,888.13 1 1
github.com/Wilberucx/dots/internal/resolver/service.go:34.58,39.2 1 0
github.com/Wilberucx/dots/internal/resolver/service.go:42.46,44.16 2 0
github.com/Wilberucx/dots/internal/resolver/service.go:44.16,46.3 1 0
github.com/Wilberucx/dots/internal/resolver/service.go:48.2,51.43 3 0
github.com/Wilberucx/dots/internal/resolver/service.go:51.43,55.3 3 0
github.com/Wilberucx/dots/internal/resolver/service.go:58.2,59.16 2 0
github.com/Wilberucx/dots/internal/resolver/service.go:59.16,60.29 1 0
github.com/Wilberucx/dots/internal/resolver/service.go:60.29,61.24 1 0
github.com/Wilberucx/dots/internal/resolver/service.go:61.24,68.5 3 0
github.com/Wilberucx/dots/internal/resolver/service.go:72.2,73.12 2 0
github.com/Wilberucx/dots/internal/resolver/service.go:77.57,79.19 2 0
github.com/Wilberucx/dots/internal/resolver/service.go:79.19,81.3 1 0
github.com/Wilberucx/dots/internal/resolver/service.go:82.2,83.13 2 0
github.com/Wilberucx/dots/internal/resolver/service.go:87.40,91.16 4 0
github.com/Wilberucx/dots/internal/resolver/service.go:91.16,94.3 2 0
github.com/Wilberucx/dots/internal/resolver/service.go:96.2,98.26 3 0
github.com/Wilberucx/dots/internal/resolver/service.go:98.26,99.33 1 0
github.com/Wilberucx/dots/internal/resolver/service.go:99.33,101.4 1 0
github.com/Wilberucx/dots/internal/resolver/service.go:104.2,104.23 1 0
github.com/Wilberucx/dots/internal/resolver/service.go:104.23,107.3 2 0
github.com/Wilberucx/dots/internal/resolver/service.go:108.2,108.21 1 0
github.com/Wilberucx/dots/internal/resolver/service.go:112.88,119.19 2 0
github.com/Wilberucx/dots/internal/resolver/service.go:119.19,121.3 1 0
github.com/Wilberucx/dots/internal/resolver/service.go:121.8,125.26 4 0
github.com/Wilberucx/dots/internal/resolver/service.go:125.26,126.20 1 0
github.com/Wilberucx/dots/internal/resolver/service.go:127.36,128.23 1 0
github.com/Wilberucx/dots/internal/resolver/service.go:129.21,130.21 1 0
github.com/Wilberucx/dots/internal/resolver/service.go:131.23,132.22 1 0
github.com/Wilberucx/dots/internal/resolver/service.go:135.3,135.18 1 0
github.com/Wilberucx/dots/internal/resolver/service.go:135.18,137.4 1 0
github.com/Wilberucx/dots/internal/resolver/service.go:137.9,137.37 1 0
github.com/Wilberucx/dots/internal/resolver/service.go:137.37,139.4 1 0
github.com/Wilberucx/dots/internal/resolver/service.go:139.9,141.4 1 0
github.com/Wilberucx/dots/internal/resolver/service.go:145.2,145.18 1 0
github.com/Wilberucx/dots/internal/resolver/service.go:145.18,147.3 1 0
github.com/Wilberucx/dots/internal/resolver/service.go:150.2,152.42 3 0
github.com/Wilberucx/dots/internal/resolver/service.go:152.42,154.16 2 0
github.com/Wilberucx/dots/internal/resolver/service.go:154.16,156.4 1 0
github.com/Wilberucx/dots/internal/resolver/service.go:160.2,161.97 2 0
github.com/Wilberucx/dots/internal/resolver/service.go:161.97,163.30 2 0
github.com/Wilberucx/dots/internal/resolver/service.go:163.30,170.27 5 0
github.com/Wilberucx/dots/internal/resolver/service.go:170.27,172.19 2 0
github.com/Wilberucx/dots/internal/resolver/service.go:172.19,174.24 2 0
github.com/Wilberucx/dots/internal/resolver/service.go:174.24,175.46 1 0
github.com/Wilberucx/dots/internal/resolver/service.go:175.46,176.59 1 0
github.com/Wilberucx/dots/internal/resolver/service.go:176.59,178.9 1 0
github.com/Wilberucx/dots/internal/resolver/service.go:183.4,183.27 1 0
github.com/Wilberucx/dots/internal/resolver/service.go:183.27,184.31 1 0
github.com/Wilberucx/dots/internal/resolver/service.go:184.31,186.11 2 0
github.com/Wilberucx/dots/internal/resolver/service.go:188.10,190.5 1 0
github.com/Wilberucx/dots/internal/resolver/service.go:194.2,194.13 1 0
github.com/Wilberucx/dots/internal/resolver/service.go:198.53,200.19 2 0
github.com/Wilberucx/dots/internal/resolver/service.go:200.19,202.3 1 0
github.com/Wilberucx/dots/internal/resolver/service.go:203.2,204.13 2 0
github.com/Wilberucx/dots/internal/cli/adopt.go:18.13,19.64 1 1
github.com/Wilberucx/dots/internal/cli/adopt.go:19.64,21.3 1 0
github.com/Wilberucx/dots/internal/cli/adopt.go:24.56,28.16 3 0
github.com/Wilberucx/dots/internal/cli/adopt.go:28.16,30.3 1 0
github.com/Wilberucx/dots/internal/cli/adopt.go:32.2,33.16 2 0
github.com/Wilberucx/dots/internal/cli/adopt.go:33.16,35.3 1 0
github.com/Wilberucx/dots/internal/cli/adopt.go:38.2,38.44 1 0
github.com/Wilberucx/dots/internal/cli/adopt.go:38.44,40.3 1 0
github.com/Wilberucx/dots/internal/cli/adopt.go:43.2,43.33 1 0
github.com/Wilberucx/dots/internal/cli/adopt.go:43.33,45.47 2 0
github.com/Wilberucx/dots/internal/cli/adopt.go:45.47,48.4 2 0
github.com/Wilberucx/dots/internal/cli/adopt.go:52.2,52.89 1 0
github.com/Wilberucx/dots/internal/cli/adopt.go:52.89,53.66 1 0
github.com/Wilberucx/dots/internal/cli/adopt.go:53.66,54.35 1 0
github.com/Wilberucx/dots/internal/cli/adopt.go:54.35,56.5 1 0
github.com/Wilberucx/dots/internal/cli/adopt.go:57.4,59.51 2 0
github.com/Wilberucx/dots/internal/cli/adopt.go:59.51,64.23 4 0
github.com/Wilberucx/dots/internal/cli/adopt.go:64.23,66.6 1 0
github.com/Wilberucx/dots/internal/cli/adopt.go:68.5,69.51 2 0
github.com/Wilberucx/dots/internal/cli/adopt.go:69.51,71.6 1 0
github.com/Wilberucx/dots/internal/cli/adopt.go:71.11,71.34 1 0
github.com/Wilberucx/dots/internal/cli/adopt.go:71.34,73.6 1 0
github.com/Wilberucx/dots/internal/cli/adopt.go:75.5,82.90 2 0
github.com/Wilberucx/dots/internal/cli/adopt.go:82.90,85.6 2 0
github.com/Wilberucx/dots/internal/cli/adopt.go:87.5,94.55 7 0
github.com/Wilberucx/dots/internal/cli/adopt.go:94.55,96.6 1 0
github.com/Wilberucx/dots/internal/cli/adopt.go:96.11,96.63 1 0
github.com/Wilberucx/dots/internal/cli/adopt.go:96.63,98.6 1 0
github.com/Wilberucx/dots/internal/cli/adopt.go:98.11,100.6 1 0
github.com/Wilberucx/dots/internal/cli/adopt.go:105.2,106.16 2 0
github.com/Wilberucx/dots/internal/cli/adopt.go:106.16,108.3 1 0
github.com/Wilberucx/dots/internal/cli/adopt.go:109.2,117.50 6 0
github.com/Wilberucx/dots/internal/cli/adopt.go:117.50,119.3 1 0
github.com/Wilberucx/dots/internal/cli/adopt.go:121.2,127.65 5 0
github.com/Wilberucx/dots/internal/cli/adopt.go:127.65,129.3 1 0
github.com/Wilberucx/dots/internal/cli/adopt.go:131.2,132.15 2 0
github.com/Wilberucx/dots/internal/cli/adopt.go:132.15,133.17 1 0
github.com/Wilberucx/dots/internal/cli/adopt.go:133.17,135.4 1 0
github.com/Wilberucx/dots/internal/cli/adopt.go:138.2,138.11 1 0
github.com/Wilberucx/dots/internal/cli/adopt.go:138.11,140.3 1 0
github.com/Wilberucx/dots/internal/cli/adopt.go:143.2,146.69 2 0
github.com/Wilberucx/dots/internal/cli/adopt.go:146.69,149.93 2 0
github.com/Wilberucx/dots/internal/cli/adopt.go:149.93,152.4 2 0
github.com/Wilberucx/dots/internal/cli/adopt.go:154.3,162.89 5 0
github.com/Wilberucx/dots/internal/cli/adopt.go:162.89,163.15 1 0
github.com/Wilberucx/dots/internal/cli/adopt.go:163.15,165.5 1 0
github.com/Wilberucx/dots/internal/cli/adopt.go:170.2,174.85 2 0
github.com/Wilberucx/dots/internal/cli/adopt.go:174.85,175.14 1 0
github.com/Wilberucx/dots/internal/cli/adopt.go:175.14,177.4 1 0
github.com/Wilberucx/dots/internal/cli/adopt.go:182.157,183.12 1 0
github.com/Wilberucx/dots/internal/cli/adopt.go:183.12,187.3 3 0
github.com/Wilberucx/dots/internal/cli/adopt.go:190.2,190.47 1 0
github.com/Wilberucx/dots/internal/cli/adopt.go:190.47,192.3 1 0
github.com/Wilberucx/dots/internal/cli/adopt.go:195.2,195.53 1 0
github.com/Wilberucx/dots/internal/cli/adopt.go:195.53,197.3 1 0
github.com/Wilberucx/dots/internal/cli/adopt.go:200.2,200.83 1 0
github.com/Wilberucx/dots/internal/cli/adopt.go:200.83,202.3 1 0
github.com/Wilberucx/dots/internal/cli/adopt.go:204.2,208.12 5 0
github.com/Wilberucx/dots/internal/cli/adopt.go:213.116,214.12 1 0
github.com/Wilberucx/dots/internal/cli/adopt.go:214.12,217.3 2 0
github.com/Wilberucx/dots/internal/cli/adopt.go:220.2,221.55 2 0
github.com/Wilberucx/dots/internal/cli/adopt.go:221.55,224.49 3 0
github.com/Wilberucx/dots/internal/cli/adopt.go:224.49,227.4 2 0
github.com/Wilberucx/dots/internal/cli/adopt.go:230.2,230.83 1 0
github.com/Wilberucx/dots/internal/cli/adopt.go:230.83,232.3 1 0
github.com/Wilberucx/dots/internal/cli/adopt.go:234.2,237.12 4 0
github.com/Wilberucx/dots/internal/cli/adopt.go:242.115,243.12 1 0
github.com/Wilberucx/dots/internal/cli/adopt.go:243.12,246.3 2 0
github.com/Wilberucx/dots/internal/cli/adopt.go:248.2,253.64 2 0
github.com/Wilberucx/dots/internal/cli/adopt.go:253.64,255.3 1 0
github.com/Wilberucx/dots/internal/cli/adopt.go:257.2,259.12 3 0
github.com/Wilberucx/dots/internal/cli/adopt.go:266.68,268.16 2 1
github.com/Wilberucx/dots/internal/cli/adopt.go:268.16,270.3 1 1
github.com/Wilberucx/dots/internal/cli/adopt.go:272.2,277.19 4 1
github.com/Wilberucx/dots/internal/cli/adopt.go:277.19,279.3 1 1
github.com/Wilberucx/dots/internal/cli/adopt.go:282.2,283.25 2 1
github.com/Wilberucx/dots/internal/cli/adopt.go:283.25,289.3 4 1
github.com/Wilberucx/dots/internal/cli/adopt.go:293.2,295.22 3 1
github.com/Wilberucx/dots/internal/cli/adopt.go:295.22,297.3 1 0
github.com/Wilberucx/dots/internal/cli/adopt.go:299.2,300.24 2 1
github.com/Wilberucx/dots/internal/cli/adopt.go:300.24,301.54 1 1
github.com/Wilberucx/dots/internal/cli/adopt.go:301.54,303.4 1 1
github.com/Wilberucx/dots/internal/cli/adopt.go:305.2,309.23 3 1
github.com/Wilberucx/dots/internal/cli/adopt.go:309.23,311.3 1 0
github.com/Wilberucx/dots/internal/cli/adopt.go:315.2,316.52 2 1
github.com/Wilberucx/dots/internal/cli/adopt.go:316.52,318.3 1 1
github.com/Wilberucx/dots/internal/cli/adopt.go:319.2,325.57 4 1
github.com/Wilberucx/dots/internal/cli/adopt.go:329.47,332.30 3 1
github.com/Wilberucx/dots/internal/cli/adopt.go:332.30,333.15 1 1
github.com/Wilberucx/dots/internal/cli/adopt.go:333.15,334.53 1 1
github.com/Wilberucx/dots/internal/cli/adopt.go:334.53,336.5 1 1
github.com/Wilberucx/dots/internal/cli/adopt.go:337.4,337.12 1 1
github.com/Wilberucx/dots/internal/cli/adopt.go:339.3,339.34 1 1
github.com/Wilberucx/dots/internal/cli/adopt.go:339.34,342.12 3 1
github.com/Wilberucx/dots/internal/cli/adopt.go:344.3,344.62 1 1
github.com/Wilberucx/dots/internal/cli/adopt.go:344.62,346.4 1 1
github.com/Wilberucx/dots/internal/cli/adopt.go:348.2,348.11 1 1
github.com/Wilberucx/dots/internal/cli/adopt.go:352.51,356.30 4 1
github.com/Wilberucx/dots/internal/cli/adopt.go:356.30,357.15 1 1
github.com/Wilberucx/dots/internal/cli/adopt.go:357.15,358.53 1 1
github.com/Wilberucx/dots/internal/cli/adopt.go:358.53,360.5 1 1
github.com/Wilberucx/dots/internal/cli/adopt.go:361.4,361.12 1 1
github.com/Wilberucx/dots/internal/cli/adopt.go:363.3,363.34 1 1
github.com/Wilberucx/dots/internal/cli/adopt.go:363.34,366.12 3 1
github.com/Wilberucx/dots/internal/cli/adopt.go:368.3,368.62 1 1
github.com/Wilberucx/dots/internal/cli/adopt.go:368.62,370.4 1 1
github.com/Wilberucx/dots/internal/cli/adopt.go:372.2,372.16 1 1
github.com/Wilberucx/dots/internal/cli/adopt.go:377.51,378.59 1 1
github.com/Wilberucx/dots/internal/cli/adopt.go:378.59,380.3 1 1
github.com/Wilberucx/dots/internal/cli/adopt.go:382.2,386.40 4 1
github.com/Wilberucx/dots/internal/cli/adopt.go:386.40,387.15 1 1
github.com/Wilberucx/dots/internal/cli/adopt.go:387.15,388.53 1 1
github.com/Wilberucx/dots/internal/cli/adopt.go:388.53,390.5 1 1
github.com/Wilberucx/dots/internal/cli/adopt.go:391.4,391.12 1 1
github.com/Wilberucx/dots/internal/cli/adopt.go:393.3,393.34 1 1
github.com/Wilberucx/dots/internal/cli/adopt.go:393.34,396.12 3 1
github.com/Wilberucx/dots/internal/cli/adopt.go:398.3,398.18 1 1
github.com/Wilberucx/dots/internal/cli/adopt.go:398.18,400.12 2 1
github.com/Wilberucx/dots/internal/cli/adopt.go:402.3,402.18 1 1
github.com/Wilberucx/dots/internal/cli/adopt.go:402.18,404.18 2 1
github.com/Wilberucx/dots/internal/cli/adopt.go:404.18,406.5 1 1
github.com/Wilberucx/dots/internal/cli/adopt.go:409.2,409.11 1 1
github.com/Wilberucx/dots/internal/cli/adopt.go:412.165,413.12 1 0
github.com/Wilberucx/dots/internal/cli/adopt.go:413.12,417.3 3 0
github.com/Wilberucx/dots/internal/cli/adopt.go:420.2,420.47 1 0
github.com/Wilberucx/dots/internal/cli/adopt.go:420.47,422.3 1 0
github.com/Wilberucx/dots/internal/cli/adopt.go:425.2,425.53 1 0
github.com/Wilberucx/dots/internal/cli/adopt.go:425.53,427.3 1 0
github.com/Wilberucx/dots/internal/cli/adopt.go:430.2,430.64 1 0
github.com/Wilberucx/dots/internal/cli/adopt.go:430.64,432.3 1 0
github.com/Wilberucx/dots/internal/cli/adopt.go:434.2,438.12 5 0
github.com/Wilberucx/dots/internal/cli/adopt.go:442.43,445.19 2 0
github.com/Wilberucx/dots/internal/cli/adopt.go:445.19,449.3 3 0
github.com/Wilberucx/dots/internal/cli/adopt.go:450.2,450.43 1 0
github.com/Wilberucx/dots/internal/cli/adopt.go:454.50,456.42 2 0
github.com/Wilberucx/dots/internal/cli/adopt.go:456.42,458.3 1 0
github.com/Wilberucx/dots/internal/cli/adopt.go:459.2,459.72 1 0
github.com/Wilberucx/dots/internal/cli/backup.go:18.13,19.68 1 1
github.com/Wilberucx/dots/internal/cli/backup.go:19.68,21.3 1 0
github.com/Wilberucx/dots/internal/cli/backup.go:22.2,22.69 1 1
github.com/Wilberucx/dots/internal/cli/backup.go:22.69,24.3 1 0
github.com/Wilberucx/dots/internal/cli/backup.go:25.2,25.69 1 1
github.com/Wilberucx/dots/internal/cli/backup.go:25.69,27.3 1 0
github.com/Wilberucx/dots/internal/cli/backup.go:32.42,36.16 3 0
github.com/Wilberucx/dots/internal/cli/backup.go:36.16,38.3 1 0
github.com/Wilberucx/dots/internal/cli/backup.go:40.2,46.21 6 0
github.com/Wilberucx/dots/internal/cli/backup.go:46.21,48.3 1 0
github.com/Wilberucx/dots/internal/cli/backup.go:50.2,52.85 2 0
github.com/Wilberucx/dots/internal/cli/backup.go:52.85,54.3 1 0
github.com/Wilberucx/dots/internal/cli/backup.go:55.2,55.12 1 0
github.com/Wilberucx/dots/internal/cli/backup.go:61.82,64.48 2 0
github.com/Wilberucx/dots/internal/cli/backup.go:64.48,66.3 1 0
github.com/Wilberucx/dots/internal/cli/backup.go:67.2,70.12 2 0
github.com/Wilberucx/dots/internal/cli/backup.go:70.12,72.3 1 0
github.com/Wilberucx/dots/internal/cli/backup.go:72.8,74.28 2 0
github.com/Wilberucx/dots/internal/cli/backup.go:75.22,76.67 1 0
github.com/Wilberucx/dots/internal/cli/backup.go:77.16,78.43 1 0
github.com/Wilberucx/dots/internal/cli/backup.go:79.17,80.85 1 0
github.com/Wilberucx/dots/internal/cli/backup.go:81.20,83.17 2 0
github.com/Wilberucx/dots/internal/cli/backup.go:83.17,85.5 1 0
github.com/Wilberucx/dots/internal/cli/backup.go:86.4,86.54 1 0
github.com/Wilberucx/dots/internal/cli/backup.go:87.16,88.31 1 0
github.com/Wilberucx/dots/internal/cli/backup.go:88.31,90.5 1 0
github.com/Wilberucx/dots/internal/cli/backup.go:91.4,91.48 1 0
github.com/Wilberucx/dots/internal/cli/backup.go:96.2,99.53 4 0
github.com/Wilberucx/dots/internal/cli/backup.go:99.53,101.3 1 0
github.com/Wilberucx/dots/internal/cli/backup.go:102.2,107.16 4 0
github.com/Wilberucx/dots/internal/cli/backup.go:107.16,109.3 1 0
github.com/Wilberucx/dots/internal/cli/backup.go:111.2,111.16 1 0
github.com/Wilberucx/dots/internal/cli/backup.go:111.16,113.15 2 0
github.com/Wilberucx/dots/internal/cli/backup.go:113.15,116.4 2 0
github.com/Wilberucx/dots/internal/cli/backup.go:117.3,120.54 4 0
github.com/Wilberucx/dots/internal/cli/backup.go:120.54,122.4 1 0
github.com/Wilberucx/dots/internal/cli/backup.go:123.3,123.52 1 0
github.com/Wilberucx/dots/internal/cli/backup.go:124.8,126.3 1 0
github.com/Wilberucx/dots/internal/cli/backup.go:129.2,129.10 1 0
github.com/Wilberucx/dots/internal/cli/backup.go:129.10,133.19 3 0
github.com/Wilberucx/dots/internal/cli/backup.go:133.19,135.4 1 0
github.com/Wilberucx/dots/internal/cli/backup.go:137.3,140.55 4 0
github.com/Wilberucx/dots/internal/cli/backup.go:140.55,142.4 1 0
github.com/Wilberucx/dots/internal/cli/backup.go:143.3,143.46 1 0
github.com/Wilberucx/dots/internal/cli/backup.go:144.8,146.3 1 0
github.com/Wilberucx/dots/internal/cli/backup.go:148.2,149.12 2 0
github.com/Wilberucx/dots/internal/cli/backup.go:154.43,159.16 4 0
github.com/Wilberucx/dots/internal/cli/backup.go:159.16,161.3 1 0
github.com/Wilberucx/dots/internal/cli/backup.go:163.2,164.29 2 0
github.com/Wilberucx/dots/internal/cli/backup.go:164.29,166.3 1 0
github.com/Wilberucx/dots/internal/cli/backup.go:170.2,182.31 2 0
github.com/Wilberucx/dots/internal/cli/backup.go:182.31,186.17 4 0
github.com/Wilberucx/dots/internal/cli/backup.go:186.17,187.12 1 0
github.com/Wilberucx/dots/internal/cli/backup.go:189.3,190.28 2 0
github.com/Wilberucx/dots/internal/cli/backup.go:190.28,192.4 1 0
github.com/Wilberucx/dots/internal/cli/backup.go:193.3,193.42 1 0
github.com/Wilberucx/dots/internal/cli/backup.go:193.42,195.4 1 0
github.com/Wilberucx/dots/internal/cli/backup.go:198.2,198.12 1 0
github.com/Wilberucx/dots/internal/cli/backup.go:205.53,209.38 3 0
github.com/Wilberucx/dots/internal/cli/backup.go:209.38,211.31 2 0
github.com/Wilberucx/dots/internal/cli/backup.go:211.31,212.30 1 0
github.com/Wilberucx/dots/internal/cli/backup.go:213.11,215.21 1 0
github.com/Wilberucx/dots/internal/cli/backup.go:216.12,218.86 1 0
github.com/Wilberucx/dots/internal/cli/backup.go:222.3,222.55 1 0
github.com/Wilberucx/dots/internal/cli/backup.go:225.2,225.19 1 0
github.com/Wilberucx/dots/internal/cli/backup.go:237.47,241.16 4 0
github.com/Wilberucx/dots/internal/cli/backup.go:241.16,243.3 1 0
github.com/Wilberucx/dots/internal/cli/backup.go:244.2,244.39 1 0
github.com/Wilberucx/dots/internal/cli/backup.go:249.43,251.20 2 0
github.com/Wilberucx/dots/internal/cli/backup.go:251.20,253.3 1 0
github.com/Wilberucx/dots/internal/cli/backup.go:254.2,255.20 2 0
github.com/Wilberucx/dots/internal/cli/backup.go:255.20,257.3 1 0
github.com/Wilberucx/dots/internal/cli/backup.go:258.2,258.17 1 0
github.com/Wilberucx/dots/internal/cli/backup.go:261.56,265.16 4 0
github.com/Wilberucx/dots/internal/cli/backup.go:265.16,267.3 1 0
github.com/Wilberucx/dots/internal/cli/backup.go:268.2,270.14 3 0
github.com/Wilberucx/dots/internal/cli/backup.go:273.48,277.16 4 0
github.com/Wilberucx/dots/internal/cli/backup.go:277.16,279.3 1 0
github.com/Wilberucx/dots/internal/cli/backup.go:280.2,281.56 2 0
github.com/Wilberucx/dots/internal/cli/backup.go:281.56,283.17 2 0
github.com/Wilberucx/dots/internal/cli/backup.go:283.17,285.4 1 0
github.com/Wilberucx/dots/internal/cli/backup.go:287.2,287.14 1 0
github.com/Wilberucx/dots/internal/cli/backup.go:290.48,292.20 2 0
github.com/Wilberucx/dots/internal/cli/backup.go:292.20,294.3 1 0
github.com/Wilberucx/dots/internal/cli/backup.go:296.2,297.18 2 0
github.com/Wilberucx/dots/internal/cli/backup.go:297.18,299.3 1 0
github.com/Wilberucx/dots/internal/cli/backup.go:301.2,304.52 4 0
github.com/Wilberucx/dots/internal/cli/backup.go:304.52,306.3 1 0
github.com/Wilberucx/dots/internal/cli/backup.go:307.2,310.16 3 0
github.com/Wilberucx/dots/internal/cli/backup.go:310.16,312.3 1 0
github.com/Wilberucx/dots/internal/cli/backup.go:314.2,318.51 4 0
github.com/Wilberucx/dots/internal/cli/backup.go:318.51,321.25 3 0
github.com/Wilberucx/dots/internal/cli/backup.go:321.25,323.4 1 0
github.com/Wilberucx/dots/internal/cli/backup.go:324.3,324.67 1 0
github.com/Wilberucx/dots/internal/cli/backup.go:327.2,327.51 1 0
github.com/Wilberucx/dots/internal/cli/backup.go:330.75,332.30 2 0
github.com/Wilberucx/dots/internal/cli/backup.go:332.30,334.3 1 0
github.com/Wilberucx/dots/internal/cli/backup.go:336.2,336.74 1 0
github.com/Wilberucx/dots/internal/cli/backup.go:336.74,342.3 5 0
github.com/Wilberucx/dots/internal/cli/backup.go:344.2,345.18 2 0
github.com/Wilberucx/dots/internal/cli/backup.go:345.18,347.3 1 0
github.com/Wilberucx/dots/internal/cli/backup.go:349.2,355.38 7 0
github.com/Wilberucx/dots/internal/cli/backup.go:355.38,361.3 5 0
github.com/Wilberucx/dots/internal/cli/backup.go:364.2,365.24 2 0
github.com/Wilberucx/dots/internal/cli/backup.go:365.24,367.31 2 0
github.com/Wilberucx/dots/internal/cli/backup.go:367.31,369.4 1 0
github.com/Wilberucx/dots/internal/cli/backup.go:370.3,374.15 5 0
github.com/Wilberucx/dots/internal/cli/backup.go:378.2,380.53 3 0
github.com/Wilberucx/dots/internal/cli/backup.go:380.53,386.3 5 0
github.com/Wilberucx/dots/internal/cli/backup.go:388.2,388.51 1 0
github.com/Wilberucx/dots/internal/cli/backup.go:388.51,394.3 5 0
github.com/Wilberucx/dots/internal/cli/backup.go:396.2,398.58 3 0
github.com/Wilberucx/dots/internal/cli/backup.go:398.58,401.3 2 0
github.com/Wilberucx/dots/internal/cli/backup.go:403.2,403.13 1 0
github.com/Wilberucx/dots/internal/cli/backup.go:408.46,412.16 3 0
github.com/Wilberucx/dots/internal/cli/backup.go:412.16,414.3 1 0
github.com/Wilberucx/dots/internal/cli/backup.go:416.2,417.15 2 0
github.com/Wilberucx/dots/internal/cli/backup.go:417.15,419.3 1 0
github.com/Wilberucx/dots/internal/cli/backup.go:421.2,424.16 4 0
github.com/Wilberucx/dots/internal/cli/backup.go:424.16,426.3 1 0
github.com/Wilberucx/dots/internal/cli/backup.go:428.2,429.60 2 0
github.com/Wilberucx/dots/internal/cli/backup.go:429.60,432.3 2 0
github.com/Wilberucx/dots/internal/cli/backup.go:434.2,434.29 1 0
github.com/Wilberucx/dots/internal/cli/backup.go:434.29,435.34 1 0
github.com/Wilberucx/dots/internal/cli/backup.go:435.34,437.23 2 0
github.com/Wilberucx/dots/internal/cli/backup.go:437.23,439.5 1 0
github.com/Wilberucx/dots/internal/cli/backup.go:443.2,443.12 1 0
github.com/Wilberucx/dots/internal/cli/backup.go:448.61,450.19 2 0
github.com/Wilberucx/dots/internal/cli/backup.go:450.19,452.3 1 0
github.com/Wilberucx/dots/internal/cli/backup.go:453.2,453.15 1 0
github.com/Wilberucx/dots/internal/cli/backup.go:453.15,455.3 1 0
github.com/Wilberucx/dots/internal/cli/backup.go:457.2,460.16 3 0
github.com/Wilberucx/dots/internal/cli/backup.go:460.16,462.3 1 0
github.com/Wilberucx/dots/internal/cli/backup.go:464.2,467.16 3 0
github.com/Wilberucx/dots/internal/cli/backup.go:467.16,469.3 1 0
github.com/Wilberucx/dots/internal/cli/backup.go:471.2,475.30 3 0
github.com/Wilberucx/dots/internal/cli/backup.go:475.30,481.17 5 0
github.com/Wilberucx/dots/internal/cli/backup.go:481.17,483.60 2 0
github.com/Wilberucx/dots/internal/cli/backup.go:483.60,485.5 1 0
github.com/Wilberucx/dots/internal/cli/backup.go:488.3,489.17 2 0
github.com/Wilberucx/dots/internal/cli/backup.go:489.17,490.12 1 0
github.com/Wilberucx/dots/internal/cli/backup.go:493.3,495.19 3 0
github.com/Wilberucx/dots/internal/cli/backup.go:499.2,504.16 5 0
github.com/Wilberucx/dots/internal/cli/backup.go:504.16,506.59 2 0
github.com/Wilberucx/dots/internal/cli/backup.go:506.59,508.4 1 0
github.com/Wilberucx/dots/internal/cli/backup.go:511.2,511.56 1 0
github.com/Wilberucx/dots/internal/cli/backup.go:511.56,515.3 3 0
github.com/Wilberucx/dots/internal/cli/backup.go:517.2,517.16 1 0
github.com/Wilberucx/dots/internal/cli/backup.go:517.16,520.3 2 0
github.com/Wilberucx/dots/internal/cli/backup.go:522.2,522.12 1 0
github.com/Wilberucx/dots/internal/cli/completion.go:31.54,32.21 1 0
github.com/Wilberucx/dots/internal/cli/completion.go:32.21,34.4 1 0
github.com/Wilberucx/dots/internal/cli/completion.go:35.3,35.18 1 0
github.com/Wilberucx/dots/internal/cli/completion.go:36.15,37.50 1 0
github.com/Wilberucx/dots/internal/cli/completion.go:38.14,39.49 1 0
github.com/Wilberucx/dots/internal/cli/completion.go:40.15,41.56 1 0
github.com/Wilberucx/dots/internal/cli/completion.go:42.21,43.56 1 0
github.com/Wilberucx/dots/internal/cli/completion.go:44.11,45.104 1 0
github.com/Wilberucx/dots/internal/cli/completion.go:50.13,52.2 1 1
github.com/Wilberucx/dots/internal/cli/doctor.go:17.13,31.55 1 1
github.com/Wilberucx/dots/internal/cli/doctor.go:31.55,33.4 1 0
github.com/Wilberucx/dots/internal/cli/doctor.go:36.2,39.31 3 1
github.com/Wilberucx/dots/internal/cli/doctor.go:42.42,44.16 2 0
github.com/Wilberucx/dots/internal/cli/doctor.go:44.16,46.3 1 0
github.com/Wilberucx/dots/internal/cli/doctor.go:48.2,58.18 7 0
github.com/Wilberucx/dots/internal/cli/doctor.go:58.18,60.3 1 0
github.com/Wilberucx/dots/internal/cli/doctor.go:63.2,66.28 3 0
github.com/Wilberucx/dots/internal/cli/doctor.go:66.28,73.39 6 0
github.com/Wilberucx/dots/internal/cli/doctor.go:73.39,74.26 1 0
github.com/Wilberucx/dots/internal/cli/doctor.go:75.31,76.15 1 0
github.com/Wilberucx/dots/internal/cli/doctor.go:77.33,78.16 1 0
github.com/Wilberucx/dots/internal/cli/doctor.go:79.30,80.16 1 0
github.com/Wilberucx/dots/internal/cli/doctor.go:85.3,85.19 1 0
github.com/Wilberucx/dots/internal/cli/doctor.go:85.19,88.4 2 0
github.com/Wilberucx/dots/internal/cli/doctor.go:90.3,91.53 2 0
github.com/Wilberucx/dots/internal/cli/doctor.go:92.8,95.3 2 0
github.com/Wilberucx/dots/internal/cli/doctor.go:98.2,100.25 3 0
github.com/Wilberucx/dots/internal/cli/doctor.go:100.25,102.3 1 0
github.com/Wilberucx/dots/internal/cli/doctor.go:105.2,105.15 1 0
github.com/Wilberucx/dots/internal/cli/doctor.go:105.15,108.26 3 0
github.com/Wilberucx/dots/internal/cli/doctor.go:108.26,110.4 1 0
github.com/Wilberucx/dots/internal/cli/doctor.go:113.2,113.19 1 0
github.com/Wilberucx/dots/internal/cli/doctor.go:113.19,115.3 1 0
github.com/Wilberucx/dots/internal/cli/doctor.go:117.2,117.12 1 0
github.com/Wilberucx/dots/internal/cli/doctor.go:121.64,134.25 3 0
github.com/Wilberucx/dots/internal/cli/doctor.go:134.25,135.53 1 0
github.com/Wilberucx/dots/internal/cli/doctor.go:135.53,137.4 1 0
github.com/Wilberucx/dots/internal/cli/doctor.go:140.2,141.28 2 0
github.com/Wilberucx/dots/internal/cli/doctor.go:141.28,142.15 1 0
github.com/Wilberucx/dots/internal/cli/doctor.go:142.15,144.28 2 0
github.com/Wilberucx/dots/internal/cli/doctor.go:144.28,146.5 1 0
github.com/Wilberucx/dots/internal/cli/doctor.go:146.10,148.5 1 0
github.com/Wilberucx/dots/internal/cli/doctor.go:152.2,152.22 1 0
github.com/Wilberucx/dots/internal/cli/doctor.go:152.22,155.3 2 0
github.com/Wilberucx/dots/internal/cli/doctor.go:157.2,157.21 1 0
github.com/Wilberucx/dots/internal/cli/doctor.go:157.21,159.3 1 0
github.com/Wilberucx/dots/internal/cli/doctor.go:161.2,162.19 2 0
github.com/Wilberucx/dots/internal/cli/doctor.go:162.19,164.3 1 0
github.com/Wilberucx/dots/internal/cli/doctor.go:164.8,166.3 1 0
github.com/Wilberucx/dots/internal/cli/doctor.go:168.2,168.15 1 0
github.com/Wilberucx/dots/internal/cli/doctor.go:172.66,176.16 3 0
github.com/Wilberucx/dots/internal/cli/doctor.go:176.16,180.3 3 0
github.com/Wilberucx/dots/internal/cli/doctor.go:182.2,182.23 1 0
github.com/Wilberucx/dots/internal/cli/doctor.go:182.23,185.3 2 0
github.com/Wilberucx/dots/internal/cli/doctor.go:187.2,189.28 3 0
github.com/Wilberucx/dots/internal/cli/doctor.go:189.28,190.18 1 0
github.com/Wilberucx/dots/internal/cli/doctor.go:190.18,192.4 1 0
github.com/Wilberucx/dots/internal/cli/doctor.go:192.9,194.4 1 0
github.com/Wilberucx/dots/internal/cli/doctor.go:197.2,199.19 2 0
github.com/Wilberucx/dots/internal/cli/doctor.go:199.19,202.3 1 0
github.com/Wilberucx/dots/internal/cli/doctor.go:204.2,204.28 1 0
github.com/Wilberucx/dots/internal/cli/doctor.go:204.28,209.45 5 0
github.com/Wilberucx/dots/internal/cli/doctor.go:209.45,211.4 1 0
github.com/Wilberucx/dots/internal/cli/doctor.go:212.3,212.46 1 0
github.com/Wilberucx/dots/internal/cli/doctor.go:212.46,214.4 1 0
github.com/Wilberucx/dots/internal/cli/doctor.go:215.3,215.24 1 0
github.com/Wilberucx/dots/internal/cli/doctor.go:215.24,218.4 1 0
github.com/Wilberucx/dots/internal/cli/doctor.go:221.2,221.28 1 0
github.com/Wilberucx/dots/internal/cli/doctor.go:221.28,223.17 2 0
github.com/Wilberucx/dots/internal/cli/doctor.go:223.17,226.12 2 0
github.com/Wilberucx/dots/internal/cli/doctor.go:228.3,228.40 1 0
github.com/Wilberucx/dots/internal/cli/doctor.go:228.40,230.20 2 0
github.com/Wilberucx/dots/internal/cli/doctor.go:230.20,233.5 1 0
github.com/Wilberucx/dots/internal/cli/doctor.go:237.2,237.15 1 0
github.com/Wilberucx/dots/internal/cli/doctor.go:241.61,243.16 2 0
github.com/Wilberucx/dots/internal/cli/doctor.go:243.16,245.3 1 0
github.com/Wilberucx/dots/internal/cli/doctor.go:247.2,248.28 2 0
github.com/Wilberucx/dots/internal/cli/doctor.go:248.28,249.18 1 0
github.com/Wilberucx/dots/internal/cli/doctor.go:249.18,251.4 1 0
github.com/Wilberucx/dots/internal/cli/doctor.go:254.2,254.19 1 0
github.com/Wilberucx/dots/internal/cli/doctor.go:254.19,261.29 4 0
github.com/Wilberucx/dots/internal/cli/doctor.go:261.29,262.19 1 0
github.com/Wilberucx/dots/internal/cli/doctor.go:262.19,264.5 1 0
github.com/Wilberucx/dots/internal/cli/doctor.go:266.3,266.16 1 0
github.com/Wilberucx/dots/internal/cli/doctor.go:269.2,269.85 1 0
github.com/Wilberucx/dots/internal/cli/doctor.go:269.85,273.3 2 0
github.com/Wilberucx/dots/internal/cli/doctor.go:277.61,281.9 3 0
github.com/Wilberucx/dots/internal/cli/doctor.go:282.20,284.24 2 0
github.com/Wilberucx/dots/internal/cli/doctor.go:285.21,287.26 2 0
github.com/Wilberucx/dots/internal/cli/doctor.go:288.21,290.23 2 0
github.com/Wilberucx/dots/internal/cli/doctor.go:291.10,293.26 2 0
github.com/Wilberucx/dots/internal/cli/doctor.go:296.2,296.80 1 0
github.com/Wilberucx/dots/internal/cli/edit.go:14.13,15.63 1 1
github.com/Wilberucx/dots/internal/cli/edit.go:15.63,17.3 1 0
github.com/Wilberucx/dots/internal/cli/edit.go:20.55,22.16 2 0
github.com/Wilberucx/dots/internal/cli/edit.go:22.16,24.3 1 0
github.com/Wilberucx/dots/internal/cli/edit.go:26.2,27.19 2 0
github.com/Wilberucx/dots/internal/cli/edit.go:27.19,29.3 1 0
github.com/Wilberucx/dots/internal/cli/edit.go:29.8,31.23 2 0
github.com/Wilberucx/dots/internal/cli/edit.go:31.23,32.24 1 0
github.com/Wilberucx/dots/internal/cli/edit.go:32.24,34.5 1 0
github.com/Wilberucx/dots/internal/cli/edit.go:35.4,35.23 1 0
github.com/Wilberucx/dots/internal/cli/edit.go:38.2,38.18 1 0
github.com/Wilberucx/dots/internal/cli/edit.go:38.18,40.35 2 0
github.com/Wilberucx/dots/internal/cli/edit.go:40.35,42.4 1 0
github.com/Wilberucx/dots/internal/cli/edit.go:43.3,44.26 2 0
github.com/Wilberucx/dots/internal/cli/edit.go:44.26,46.4 1 0
github.com/Wilberucx/dots/internal/cli/edit.go:47.3,48.19 2 0
github.com/Wilberucx/dots/internal/cli/edit.go:48.19,51.4 2 0
github.com/Wilberucx/dots/internal/cli/edit.go:53.2,55.55 2 0
github.com/Wilberucx/dots/internal/cli/edit.go:55.55,57.3 1 0
github.com/Wilberucx/dots/internal/cli/edit.go:59.2,60.29 2 0
github.com/Wilberucx/dots/internal/cli/edit.go:60.29,64.45 3 0
github.com/Wilberucx/dots/internal/cli/edit.go:64.45,66.4 1 0
github.com/Wilberucx/dots/internal/cli/edit.go:66.9,66.53 1 0
github.com/Wilberucx/dots/internal/cli/edit.go:66.53,68.4 1 0
github.com/Wilberucx/dots/internal/cli/edit.go:68.9,70.4 1 0
github.com/Wilberucx/dots/internal/cli/edit.go:73.2,74.18 2 0
github.com/Wilberucx/dots/internal/cli/edit.go:74.18,76.3 1 0
github.com/Wilberucx/dots/internal/cli/edit.go:78.2,85.38 6 0
github.com/Wilberucx/dots/internal/cli/edit.go:85.38,87.3 1 0
github.com/Wilberucx/dots/internal/cli/edit.go:89.2,89.12 1 0
github.com/Wilberucx/dots/internal/cli/init.go:23.13,24.63 1 1
github.com/Wilberucx/dots/internal/cli/init.go:24.63,26.3 1 0
github.com/Wilberucx/dots/internal/cli/init.go:29.22,33.16 3 0
github.com/Wilberucx/dots/internal/cli/init.go:33.16,35.3 1 0
github.com/Wilberucx/dots/internal/cli/init.go:37.2,43.32 5 0
github.com/Wilberucx/dots/internal/cli/init.go:43.32,44.49 1 0
github.com/Wilberucx/dots/internal/cli/init.go:44.49,47.4 2 0
github.com/Wilberucx/dots/internal/cli/init.go:48.3,48.48 1 0
github.com/Wilberucx/dots/internal/cli/init.go:48.48,51.4 2 0
github.com/Wilberucx/dots/internal/cli/init.go:53.3,54.67 2 0
github.com/Wilberucx/dots/internal/cli/init.go:58.2,60.12 2 0
github.com/Wilberucx/dots/internal/cli/init.go:60.12,63.59 2 0
github.com/Wilberucx/dots/internal/cli/init.go:63.59,65.4 1 0
github.com/Wilberucx/dots/internal/cli/init.go:66.3,67.38 2 0
github.com/Wilberucx/dots/internal/cli/init.go:68.8,70.55 1 0
github.com/Wilberucx/dots/internal/cli/init.go:70.55,72.4 1 0
github.com/Wilberucx/dots/internal/cli/init.go:74.3,74.75 1 0
github.com/Wilberucx/dots/internal/cli/init.go:74.75,76.4 1 0
github.com/Wilberucx/dots/internal/cli/init.go:78.3,79.87 2 0
github.com/Wilberucx/dots/internal/cli/init.go:83.2,93.59 8 0
github.com/Wilberucx/dots/internal/cli/init.go:93.59,94.64 1 0
github.com/Wilberucx/dots/internal/cli/init.go:94.64,96.4 1 0
github.com/Wilberucx/dots/internal/cli/init.go:99.2,104.13 2 0
github.com/Wilberucx/dots/internal/cli/init.go:104.13,106.70 2 0
github.com/Wilberucx/dots/internal/cli/init.go:106.70,108.4 1 0
github.com/Wilberucx/dots/internal/cli/init.go:109.3,110.86 2 0
github.com/Wilberucx/dots/internal/cli/init.go:111.8,116.3 4 0
github.com/Wilberucx/dots/internal/cli/init.go:118.2,118.12 1 0
github.com/Wilberucx/dots/internal/cli/init.go:121.77,123.16 2 0
github.com/Wilberucx/dots/internal/cli/init.go:123.16,125.3 1 0
github.com/Wilberucx/dots/internal/cli/init.go:127.2,127.54 1 0
github.com/Wilberucx/dots/internal/cli/init.go:127.54,129.3 1 0
github.com/Wilberucx/dots/internal/cli/init.go:131.2,134.68 2 0
github.com/Wilberucx/dots/internal/cli/init.go:134.68,136.3 1 0
github.com/Wilberucx/dots/internal/cli/init.go:138.2,140.12 3 0
github.com/Wilberucx/dots/internal/cli/install.go:25.13,26.66 1 1
github.com/Wilberucx/dots/internal/cli/install.go:26.66,28.3 1 0
github.com/Wilberucx/dots/internal/cli/install.go:31.58,41.20 7 0
github.com/Wilberucx/dots/internal/cli/install.go:41.20,44.3 2 0
github.com/Wilberucx/dots/internal/cli/install.go:46.2,50.16 4 0
github.com/Wilberucx/dots/internal/cli/install.go:50.16,52.3 1 0
github.com/Wilberucx/dots/internal/cli/install.go:55.2,57.23 2 0
github.com/Wilberucx/dots/internal/cli/install.go:57.23,60.3 2 0
github.com/Wilberucx/dots/internal/cli/install.go:63.2,65.30 3 0
github.com/Wilberucx/dots/internal/cli/install.go:65.30,67.19 2 0
github.com/Wilberucx/dots/internal/cli/install.go:68.18,70.27 2 0
github.com/Wilberucx/dots/internal/cli/install.go:70.27,72.5 1 0
github.com/Wilberucx/dots/internal/cli/install.go:73.14,74.19 1 0
github.com/Wilberucx/dots/internal/cli/install.go:75.17,76.20 1 0
github.com/Wilberucx/dots/internal/cli/install.go:78.3,78.51 1 0
github.com/Wilberucx/dots/internal/cli/install.go:80.2,84.30 2 0
github.com/Wilberucx/dots/internal/cli/install.go:84.30,86.3 1 0
github.com/Wilberucx/dots/internal/cli/install.go:87.2,90.12 2 0
github.com/Wilberucx/dots/internal/cli/install.go:90.12,93.3 2 0
github.com/Wilberucx/dots/internal/cli/install.go:96.2,96.10 1 0
github.com/Wilberucx/dots/internal/cli/install.go:96.10,97.57 1 0
github.com/Wilberucx/dots/internal/cli/install.go:97.57,100.4 2 0
github.com/Wilberucx/dots/internal/cli/install.go:104.2,104.30 1 0
github.com/Wilberucx/dots/internal/cli/install.go:104.30,106.3 1 0
github.com/Wilberucx/dots/internal/cli/install.go:108.2,109.12 2 0
github.com/Wilberucx/dots/internal/cli/install.go:114.90,116.16 2 0
github.com/Wilberucx/dots/internal/cli/install.go:116.16,118.3 1 0
github.com/Wilberucx/dots/internal/cli/install.go:120.2,123.30 3 0
github.com/Wilberucx/dots/internal/cli/install.go:123.30,125.44 1 0
github.com/Wilberucx/dots/internal/cli/install.go:125.44,127.33 2 0
github.com/Wilberucx/dots/internal/cli/install.go:127.33,128.28 1 0
github.com/Wilberucx/dots/internal/cli/install.go:128.28,129.23 1 0
github.com/Wilberucx/dots/internal/cli/install.go:129.23,132.7 2 0
github.com/Wilberucx/dots/internal/cli/install.go:135.4,135.12 1 0
github.com/Wilberucx/dots/internal/cli/install.go:139.3,141.32 3 0
github.com/Wilberucx/dots/internal/cli/install.go:141.32,142.12 1 0
github.com/Wilberucx/dots/internal/cli/install.go:144.3,144.26 1 0
github.com/Wilberucx/dots/internal/cli/install.go:144.26,145.21 1 0
github.com/Wilberucx/dots/internal/cli/install.go:145.21,148.5 2 0
github.com/Wilberucx/dots/internal/cli/install.go:152.2,152.16 1 0
github.com/Wilberucx/dots/internal/cli/install.go:156.69,158.52 2 0
github.com/Wilberucx/dots/internal/cli/install.go:158.52,160.3 1 0
github.com/Wilberucx/dots/internal/cli/install.go:162.2,166.36 4 0
github.com/Wilberucx/dots/internal/cli/install.go:166.36,168.3 1 0
github.com/Wilberucx/dots/internal/cli/install.go:170.2,171.45 2 0
github.com/Wilberucx/dots/internal/cli/install.go:171.45,185.26 2 0
github.com/Wilberucx/dots/internal/cli/install.go:185.26,199.4 1 0
github.com/Wilberucx/dots/internal/cli/install.go:200.3,200.31 1 0
github.com/Wilberucx/dots/internal/cli/install.go:203.2,203.18 1 0
github.com/Wilberucx/dots/internal/cli/install.go:209.83,212.31 2 0
github.com/Wilberucx/dots/internal/cli/install.go:212.31,215.3 2 0
github.com/Wilberucx/dots/internal/cli/install.go:217.2,217.27 1 0
github.com/Wilberucx/dots/internal/cli/install.go:217.27,221.3 3 0
github.com/Wilberucx/dots/internal/cli/install.go:224.2,226.27 2 0
github.com/Wilberucx/dots/internal/cli/install.go:227.13,228.38 1 0
github.com/Wilberucx/dots/internal/cli/install.go:229.16,230.41 1 0
github.com/Wilberucx/dots/internal/cli/install.go:231.17,232.73 1 0
github.com/Wilberucx/dots/internal/cli/install.go:233.10,234.94 1 0
github.com/Wilberucx/dots/internal/cli/install.go:257.98,262.18 2 1
github.com/Wilberucx/dots/internal/cli/install.go:263.13,264.38 1 1
github.com/Wilberucx/dots/internal/cli/install.go:264.38,267.4 2 1
github.com/Wilberucx/dots/internal/cli/install.go:268.3,269.50 2 1
github.com/Wilberucx/dots/internal/cli/install.go:269.50,272.4 2 1
github.com/Wilberucx/dots/internal/cli/install.go:273.3,273.18 1 0
github.com/Wilberucx/dots/internal/cli/install.go:275.16,276.38 1 1
github.com/Wilberucx/dots/internal/cli/install.go:276.38,279.4 2 1
github.com/Wilberucx/dots/internal/cli/install.go:280.3,281.50 2 1
github.com/Wilberucx/dots/internal/cli/install.go:281.50,284.4 2 1
github.com/Wilberucx/dots/internal/cli/install.go:285.3,285.18 1 1
github.com/Wilberucx/dots/internal/cli/install.go:287.17,292.26 2 1
github.com/Wilberucx/dots/internal/cli/install.go:292.26,294.10 2 1
github.com/Wilberucx/dots/internal/cli/install.go:294.10,296.5 1 1
github.com/Wilberucx/dots/internal/cli/install.go:296.10,298.28 1 1
github.com/Wilberucx/dots/internal/cli/install.go:298.28,303.6 4 1
github.com/Wilberucx/dots/internal/cli/install.go:304.5,306.20 3 1
github.com/Wilberucx/dots/internal/cli/install.go:311.3,312.23 2 1
github.com/Wilberucx/dots/internal/cli/install.go:312.23,314.4 1 1
github.com/Wilberucx/dots/internal/cli/install.go:315.3,315.54 1 1
github.com/Wilberucx/dots/internal/cli/install.go:315.54,318.4 2 1
github.com/Wilberucx/dots/internal/cli/install.go:320.3,320.18 1 1
github.com/Wilberucx/dots/internal/cli/install.go:322.10,324.18 2 1
github.com/Wilberucx/dots/internal/cli/install.go:330.54,334.12 3 0
github.com/Wilberucx/dots/internal/cli/install.go:334.12,336.3 1 0
github.com/Wilberucx/dots/internal/cli/install.go:338.2,341.34 4 0
github.com/Wilberucx/dots/internal/cli/install.go:341.34,344.3 2 0
github.com/Wilberucx/dots/internal/cli/install.go:346.2,346.19 1 0
github.com/Wilberucx/dots/internal/cli/install.go:346.19,351.40 5 0
github.com/Wilberucx/dots/internal/cli/install.go:351.40,354.4 2 0
github.com/Wilberucx/dots/internal/cli/install.go:357.2,357.58 1 0
github.com/Wilberucx/dots/internal/cli/install.go:365.106,367.25 2 0
github.com/Wilberucx/dots/internal/cli/install.go:367.25,369.3 1 0
github.com/Wilberucx/dots/internal/cli/install.go:371.2,373.12 2 0
github.com/Wilberucx/dots/internal/cli/install.go:373.12,376.3 2 0
github.com/Wilberucx/dots/internal/cli/install.go:378.2,381.41 4 0
github.com/Wilberucx/dots/internal/cli/install.go:381.41,384.3 2 0
github.com/Wilberucx/dots/internal/cli/install.go:386.2,386.58 1 0
github.com/Wilberucx/dots/internal/cli/install.go:394.57,399.23 4 0
github.com/Wilberucx/dots/internal/cli/install.go:399.23,401.3 1 0
github.com/Wilberucx/dots/internal/cli/install.go:402.2,406.12 3 0
github.com/Wilberucx/dots/internal/cli/install.go:406.12,408.3 1 0
github.com/Wilberucx/dots/internal/cli/install.go:410.2,410.71 1 0
github.com/Wilberucx/dots/internal/cli/install.go:410.71,413.3 2 0
github.com/Wilberucx/dots/internal/cli/install.go:415.2,415.58 1 0
github.com/Wilberucx/dots/internal/cli/install.go:419.58,422.54 2 0
github.com/Wilberucx/dots/internal/cli/install.go:422.54,424.3 1 0
github.com/Wilberucx/dots/internal/cli/install.go:427.2,434.16 6 0
github.com/Wilberucx/dots/internal/cli/install.go:434.16,436.3 1 0
github.com/Wilberucx/dots/internal/cli/install.go:438.2,440.16 3 0
github.com/Wilberucx/dots/internal/cli/install.go:440.16,442.3 1 0
github.com/Wilberucx/dots/internal/cli/install.go:443.2,445.38 2 0
github.com/Wilberucx/dots/internal/cli/install.go:445.38,447.3 1 0
github.com/Wilberucx/dots/internal/cli/install.go:449.2,450.16 2 0
github.com/Wilberucx/dots/internal/cli/install.go:450.16,452.3 1 0
github.com/Wilberucx/dots/internal/cli/install.go:454.2,456.16 3 0
github.com/Wilberucx/dots/internal/cli/install.go:456.16,458.3 1 0
github.com/Wilberucx/dots/internal/cli/install.go:460.2,460.90 1 0
github.com/Wilberucx/dots/internal/cli/install.go:460.90,461.20 1 0
github.com/Wilberucx/dots/internal/cli/install.go:461.20,466.22 3 0
github.com/Wilberucx/dots/internal/cli/install.go:466.22,468.5 1 0
github.com/Wilberucx/dots/internal/cli/install.go:470.4,471.64 2 0
github.com/Wilberucx/dots/internal/cli/install.go:471.64,473.68 2 0
github.com/Wilberucx/dots/internal/cli/install.go:473.68,475.11 2 0
github.com/Wilberucx/dots/internal/cli/install.go:478.4,478.14 1 0
github.com/Wilberucx/dots/internal/cli/install.go:478.14,480.5 1 0
github.com/Wilberucx/dots/internal/cli/install.go:483.4,485.43 3 0
github.com/Wilberucx/dots/internal/cli/install.go:485.43,487.5 1 0
github.com/Wilberucx/dots/internal/cli/install.go:490.4,491.29 2 0
github.com/Wilberucx/dots/internal/cli/install.go:491.29,492.58 1 0
github.com/Wilberucx/dots/internal/cli/install.go:492.58,494.6 1 0
github.com/Wilberucx/dots/internal/cli/install.go:496.9,500.43 3 0
github.com/Wilberucx/dots/internal/cli/install.go:500.43,502.5 1 0
github.com/Wilberucx/dots/internal/cli/install.go:504.8,504.43 1 0
github.com/Wilberucx/dots/internal/cli/install.go:504.43,507.42 3 0
github.com/Wilberucx/dots/internal/cli/install.go:507.42,509.4 1 0
github.com/Wilberucx/dots/internal/cli/install.go:510.8,512.50 1 0
github.com/Wilberucx/dots/internal/cli/install.go:512.50,514.4 1 0
github.com/Wilberucx/dots/internal/cli/install.go:515.3,515.47 1 0
github.com/Wilberucx/dots/internal/cli/install.go:515.47,517.4 1 0
github.com/Wilberucx/dots/internal/cli/install.go:520.2,520.12 1 0
github.com/Wilberucx/dots/internal/cli/install.go:527.78,532.31 3 0
github.com/Wilberucx/dots/internal/cli/install.go:532.31,536.3 2 0
github.com/Wilberucx/dots/internal/cli/install.go:538.2,538.27 1 0
github.com/Wilberucx/dots/internal/cli/install.go:538.27,543.3 3 0
github.com/Wilberucx/dots/internal/cli/install.go:546.2,546.59 1 0
github.com/Wilberucx/dots/internal/cli/install.go:551.88,552.18 1 0
github.com/Wilberucx/dots/internal/cli/install.go:553.13,556.20 3 0
github.com/Wilberucx/dots/internal/cli/install.go:556.20,558.4 1 0
github.com/Wilberucx/dots/internal/cli/install.go:560.16,566.95 6 0
github.com/Wilberucx/dots/internal/cli/install.go:566.95,568.4 1 0
github.com/Wilberucx/dots/internal/cli/install.go:568.9,568.44 1 0
github.com/Wilberucx/dots/internal/cli/install.go:568.44,570.4 1 0
github.com/Wilberucx/dots/internal/cli/install.go:570.9,572.4 1 0
github.com/Wilberucx/dots/internal/cli/install.go:574.17,576.26 2 0
github.com/Wilberucx/dots/internal/cli/install.go:576.26,578.4 1 0
github.com/Wilberucx/dots/internal/cli/install.go:579.3,579.49 1 0
github.com/Wilberucx/dots/internal/cli/install.go:582.2,582.27 1 0
github.com/Wilberucx/dots/internal/cli/install.go:582.27,584.3 1 0
github.com/Wilberucx/dots/internal/cli/install.go:589.55,590.27 1 0
github.com/Wilberucx/dots/internal/cli/install.go:590.27,592.3 1 0
github.com/Wilberucx/dots/internal/cli/install.go:594.2,595.12 2 0
github.com/Wilberucx/dots/internal/cli/install.go:595.12,598.3 2 0
github.com/Wilberucx/dots/internal/cli/install.go:600.2,603.34 4 0
github.com/Wilberucx/dots/internal/cli/install.go:603.34,605.3 1 0
github.com/Wilberucx/dots/internal/cli/link.go:19.13,20.63 1 1
github.com/Wilberucx/dots/internal/cli/link.go:20.63,22.3 1 0
github.com/Wilberucx/dots/internal/cli/link.go:48.47,49.19 1 0
github.com/Wilberucx/dots/internal/cli/link.go:49.19,51.3 1 0
github.com/Wilberucx/dots/internal/cli/link.go:52.2,52.51 1 0
github.com/Wilberucx/dots/internal/cli/link.go:52.51,54.3 1 0
github.com/Wilberucx/dots/internal/cli/link.go:57.38,58.19 1 0
github.com/Wilberucx/dots/internal/cli/link.go:58.19,60.3 1 0
github.com/Wilberucx/dots/internal/cli/link.go:61.2,61.42 1 0
github.com/Wilberucx/dots/internal/cli/link.go:61.42,63.3 1 0
github.com/Wilberucx/dots/internal/cli/link.go:66.37,67.19 1 0
github.com/Wilberucx/dots/internal/cli/link.go:67.19,69.3 1 0
github.com/Wilberucx/dots/internal/cli/link.go:70.2,70.41 1 0
github.com/Wilberucx/dots/internal/cli/link.go:70.41,72.3 1 0
github.com/Wilberucx/dots/internal/cli/link.go:75.50,76.19 1 0
github.com/Wilberucx/dots/internal/cli/link.go:76.19,78.3 1 0
github.com/Wilberucx/dots/internal/cli/link.go:79.2,79.54 1 0
github.com/Wilberucx/dots/internal/cli/link.go:79.54,81.3 1 0
github.com/Wilberucx/dots/internal/cli/link.go:84.33,85.19 1 0
github.com/Wilberucx/dots/internal/cli/link.go:85.19,88.3 2 0
github.com/Wilberucx/dots/internal/cli/link.go:89.2,90.12 2 0
github.com/Wilberucx/dots/internal/cli/link.go:93.55,97.16 3 0
github.com/Wilberucx/dots/internal/cli/link.go:97.16,99.3 1 0
github.com/Wilberucx/dots/internal/cli/link.go:101.2,111.30 8 0
github.com/Wilberucx/dots/internal/cli/link.go:111.30,113.3 1 0
github.com/Wilberucx/dots/internal/cli/link.go:113.8,113.24 1 0
github.com/Wilberucx/dots/internal/cli/link.go:113.24,115.32 2 0
github.com/Wilberucx/dots/internal/cli/link.go:115.32,118.4 2 0
github.com/Wilberucx/dots/internal/cli/link.go:119.3,120.16 2 0
github.com/Wilberucx/dots/internal/cli/link.go:121.8,121.20 1 0
github.com/Wilberucx/dots/internal/cli/link.go:121.20,123.32 2 0
github.com/Wilberucx/dots/internal/cli/link.go:123.32,126.4 2 0
github.com/Wilberucx/dots/internal/cli/link.go:127.3,128.16 2 0
github.com/Wilberucx/dots/internal/cli/link.go:129.8,131.3 1 0
github.com/Wilberucx/dots/internal/cli/link.go:136.2,138.19 2 0
github.com/Wilberucx/dots/internal/cli/link.go:138.19,140.29 1 0
github.com/Wilberucx/dots/internal/cli/link.go:140.29,142.4 1 0
github.com/Wilberucx/dots/internal/cli/link.go:143.3,144.43 2 0
github.com/Wilberucx/dots/internal/cli/link.go:144.43,146.18 2 0
github.com/Wilberucx/dots/internal/cli/link.go:146.18,148.5 1 0
github.com/Wilberucx/dots/internal/cli/link.go:149.4,149.42 1 0
github.com/Wilberucx/dots/internal/cli/link.go:149.42,151.5 1 0
github.com/Wilberucx/dots/internal/cli/link.go:152.4,153.37 2 0
github.com/Wilberucx/dots/internal/cli/link.go:153.37,154.21 1 0
github.com/Wilberucx/dots/internal/cli/link.go:154.21,156.11 2 0
github.com/Wilberucx/dots/internal/cli/link.go:159.4,159.14 1 0
github.com/Wilberucx/dots/internal/cli/link.go:159.14,161.5 1 0
github.com/Wilberucx/dots/internal/cli/link.go:162.4,162.37 1 0
github.com/Wilberucx/dots/internal/cli/link.go:164.8,164.35 1 0
github.com/Wilberucx/dots/internal/cli/link.go:164.35,166.43 1 0
github.com/Wilberucx/dots/internal/cli/link.go:166.43,168.56 2 0
github.com/Wilberucx/dots/internal/cli/link.go:168.56,169.13 1 0
github.com/Wilberucx/dots/internal/cli/link.go:171.4,172.20 2 0
github.com/Wilberucx/dots/internal/cli/link.go:172.20,175.5 2 0
github.com/Wilberucx/dots/internal/cli/link.go:176.4,176.29 1 0
github.com/Wilberucx/dots/internal/cli/link.go:176.29,178.5 1 0
github.com/Wilberucx/dots/internal/cli/link.go:179.4,179.36 1 0
github.com/Wilberucx/dots/internal/cli/link.go:185.2,186.64 2 0
github.com/Wilberucx/dots/internal/cli/link.go:186.64,189.44 3 0
github.com/Wilberucx/dots/internal/cli/link.go:189.44,191.4 1 0
github.com/Wilberucx/dots/internal/cli/link.go:192.3,192.92 1 0
github.com/Wilberucx/dots/internal/cli/link.go:196.2,198.29 2 0
github.com/Wilberucx/dots/internal/cli/link.go:198.29,201.43 2 0
github.com/Wilberucx/dots/internal/cli/link.go:201.43,204.18 3 0
github.com/Wilberucx/dots/internal/cli/link.go:204.18,206.5 1 0
github.com/Wilberucx/dots/internal/cli/link.go:207.4,207.33 1 0
github.com/Wilberucx/dots/internal/cli/link.go:207.33,209.5 1 0
github.com/Wilberucx/dots/internal/cli/link.go:211.8,215.17 3 0
github.com/Wilberucx/dots/internal/cli/link.go:215.17,217.4 1 0
github.com/Wilberucx/dots/internal/cli/link.go:219.2,219.26 1 0
github.com/Wilberucx/dots/internal/cli/link.go:219.26,222.3 2 0
github.com/Wilberucx/dots/internal/cli/link.go:225.2,225.56 1 0
github.com/Wilberucx/dots/internal/cli/link.go:225.56,226.20 1 0
github.com/Wilberucx/dots/internal/cli/link.go:226.20,228.4 1 0
github.com/Wilberucx/dots/internal/cli/link.go:229.3,229.46 1 0
github.com/Wilberucx/dots/internal/cli/link.go:229.46,231.4 1 0
github.com/Wilberucx/dots/internal/cli/link.go:232.3,232.12 1 0
github.com/Wilberucx/dots/internal/cli/link.go:236.2,247.50 6 0
github.com/Wilberucx/dots/internal/cli/link.go:247.50,255.23 6 0
github.com/Wilberucx/dots/internal/cli/link.go:255.23,257.4 1 0
github.com/Wilberucx/dots/internal/cli/link.go:259.3,259.29 1 0
github.com/Wilberucx/dots/internal/cli/link.go:259.29,260.22 1 0
github.com/Wilberucx/dots/internal/cli/link.go:260.22,261.10 1 0
github.com/Wilberucx/dots/internal/cli/link.go:263.4,266.18 3 0
github.com/Wilberucx/dots/internal/cli/link.go:267.34,268.15 1 0
github.com/Wilberucx/dots/internal/cli/link.go:268.15,276.6 2 0
github.com/Wilberucx/dots/internal/cli/link.go:276.11,285.58 4 0
github.com/Wilberucx/dots/internal/cli/link.go:285.58,287.7 1 0
github.com/Wilberucx/dots/internal/cli/link.go:288.6,288.41 1 0
github.com/Wilberucx/dots/internal/cli/link.go:291.31,293.25 2 0
github.com/Wilberucx/dots/internal/cli/link.go:293.25,295.6 1 0
github.com/Wilberucx/dots/internal/cli/link.go:296.5,296.15 1 0
github.com/Wilberucx/dots/internal/cli/link.go:296.15,304.6 2 0
github.com/Wilberucx/dots/internal/cli/link.go:304.11,313.58 4 0
github.com/Wilberucx/dots/internal/cli/link.go:313.58,315.7 1 0
github.com/Wilberucx/dots/internal/cli/link.go:316.6,317.41 2 0
github.com/Wilberucx/dots/internal/cli/link.go:320.35,322.15 2 0
github.com/Wilberucx/dots/internal/cli/link.go:322.15,323.22 1 0
github.com/Wilberucx/dots/internal/cli/link.go:323.22,331.7 2 0
github.com/Wilberucx/dots/internal/cli/link.go:331.12,338.7 1 0
github.com/Wilberucx/dots/internal/cli/link.go:339.6,339.24 1 0
github.com/Wilberucx/dots/internal/cli/link.go:340.11,341.22 1 0
github.com/Wilberucx/dots/internal/cli/link.go:341.22,349.7 2 0
github.com/Wilberucx/dots/internal/cli/link.go:349.12,356.7 1 0
github.com/Wilberucx/dots/internal/cli/link.go:357.6,359.58 3 0
github.com/Wilberucx/dots/internal/cli/link.go:359.58,361.7 1 0
github.com/Wilberucx/dots/internal/cli/link.go:362.6,363.41 2 0
github.com/Wilberucx/dots/internal/cli/link.go:366.31,373.22 2 0
github.com/Wilberucx/dots/internal/cli/link.go:375.32,382.23 2 0
github.com/Wilberucx/dots/internal/cli/link.go:384.34,391.25 2 0
github.com/Wilberucx/dots/internal/cli/link.go:393.32,400.25 2 0
github.com/Wilberucx/dots/internal/cli/link.go:405.3,406.28 2 0
github.com/Wilberucx/dots/internal/cli/link.go:406.28,408.24 2 0
github.com/Wilberucx/dots/internal/cli/link.go:408.24,410.5 1 0
github.com/Wilberucx/dots/internal/cli/link.go:411.4,411.20 1 0
github.com/Wilberucx/dots/internal/cli/link.go:415.3,416.26 2 0
github.com/Wilberucx/dots/internal/cli/link.go:416.26,418.4 1 0
github.com/Wilberucx/dots/internal/cli/link.go:419.3,419.37 1 0
github.com/Wilberucx/dots/internal/cli/link.go:419.37,421.4 1 0
github.com/Wilberucx/dots/internal/cli/link.go:422.3,422.29 1 0
github.com/Wilberucx/dots/internal/cli/link.go:422.29,424.4 1 0
github.com/Wilberucx/dots/internal/cli/link.go:425.3,425.27 1 0
github.com/Wilberucx/dots/internal/cli/link.go:425.27,427.4 1 0
github.com/Wilberucx/dots/internal/cli/link.go:428.3,428.27 1 0
github.com/Wilberucx/dots/internal/cli/link.go:428.27,430.4 1 0
github.com/Wilberucx/dots/internal/cli/link.go:431.3,436.36 5 0
github.com/Wilberucx/dots/internal/cli/link.go:440.2,440.13 1 0
github.com/Wilberucx/dots/internal/cli/link.go:440.13,441.37 1 0
github.com/Wilberucx/dots/internal/cli/link.go:441.37,446.4 4 0
github.com/Wilberucx/dots/internal/cli/link.go:450.2,452.22 3 0
github.com/Wilberucx/dots/internal/cli/link.go:452.22,454.3 1 0
github.com/Wilberucx/dots/internal/cli/link.go:455.2,455.25 1 0
github.com/Wilberucx/dots/internal/cli/link.go:455.25,457.3 1 0
github.com/Wilberucx/dots/internal/cli/link.go:458.2,458.33 1 0
github.com/Wilberucx/dots/internal/cli/link.go:458.33,460.3 1 0
github.com/Wilberucx/dots/internal/cli/link.go:461.2,461.23 1 0
github.com/Wilberucx/dots/internal/cli/link.go:461.23,463.3 1 0
github.com/Wilberucx/dots/internal/cli/link.go:464.2,466.12 2 0
github.com/Wilberucx/dots/internal/cli/link.go:466.12,468.3 1 0
github.com/Wilberucx/dots/internal/cli/link.go:470.2,470.12 1 0
github.com/Wilberucx/dots/internal/cli/link.go:474.52,476.19 2 1
github.com/Wilberucx/dots/internal/cli/link.go:476.19,478.3 1 1
github.com/Wilberucx/dots/internal/cli/link.go:479.2,480.13 2 1
github.com/Wilberucx/dots/internal/cli/link.go:492.154,493.40 1 1
github.com/Wilberucx/dots/internal/cli/link.go:493.40,495.3 1 1
github.com/Wilberucx/dots/internal/cli/link.go:496.2,496.47 1 1
github.com/Wilberucx/dots/internal/cli/link.go:496.47,498.3 1 1
github.com/Wilberucx/dots/internal/cli/link.go:500.2,501.42 2 1
github.com/Wilberucx/dots/internal/cli/link.go:501.42,503.23 2 1
github.com/Wilberucx/dots/internal/cli/link.go:503.23,506.11 3 0
github.com/Wilberucx/dots/internal/cli/link.go:506.11,507.13 1 0
github.com/Wilberucx/dots/internal/cli/link.go:510.3,511.43 2 1
github.com/Wilberucx/dots/internal/cli/link.go:511.43,513.4 1 0
github.com/Wilberucx/dots/internal/cli/link.go:516.2,516.23 1 1
github.com/Wilberucx/dots/internal/cli/link.go:516.23,518.3 1 1
github.com/Wilberucx/dots/internal/cli/link.go:519.2,519.16 1 0
github.com/Wilberucx/dots/internal/cli/link.go:523.57,525.19 2 0
github.com/Wilberucx/dots/internal/cli/link.go:525.19,527.3 1 0
github.com/Wilberucx/dots/internal/cli/link.go:528.2,529.13 2 0
github.com/Wilberucx/dots/internal/cli/link.go:533.83,535.37 2 0
github.com/Wilberucx/dots/internal/cli/link.go:535.37,537.3 1 0
github.com/Wilberucx/dots/internal/cli/link.go:539.2,540.28 2 0
github.com/Wilberucx/dots/internal/cli/link.go:540.28,542.3 1 0
github.com/Wilberucx/dots/internal/cli/link.go:544.2,545.16 2 0
github.com/Wilberucx/dots/internal/cli/link.go:545.16,547.3 1 0
github.com/Wilberucx/dots/internal/cli/link.go:548.2,548.17 1 0
github.com/Wilberucx/dots/internal/cli/list.go:16.13,17.63 1 1
github.com/Wilberucx/dots/internal/cli/list.go:17.63,19.3 1 0
github.com/Wilberucx/dots/internal/cli/list.go:22.40,24.16 2 0
github.com/Wilberucx/dots/internal/cli/list.go:24.16,26.3 1 0
github.com/Wilberucx/dots/internal/cli/list.go:28.2,35.16 7 0
github.com/Wilberucx/dots/internal/cli/list.go:35.16,37.3 1 0
github.com/Wilberucx/dots/internal/cli/list.go:39.2,42.69 2 0
github.com/Wilberucx/dots/internal/cli/list.go:42.69,43.38 1 0
github.com/Wilberucx/dots/internal/cli/list.go:43.38,45.4 1 0
github.com/Wilberucx/dots/internal/cli/list.go:49.2,49.47 1 0
github.com/Wilberucx/dots/internal/cli/list.go:49.47,50.13 1 0
github.com/Wilberucx/dots/internal/cli/list.go:50.13,51.32 1 0
github.com/Wilberucx/dots/internal/cli/list.go:51.32,52.41 1 0
github.com/Wilberucx/dots/internal/cli/list.go:52.41,54.11 2 0
github.com/Wilberucx/dots/internal/cli/list.go:59.3,59.15 1 0
github.com/Wilberucx/dots/internal/cli/list.go:59.15,60.32 1 0
github.com/Wilberucx/dots/internal/cli/list.go:60.32,61.43 1 0
github.com/Wilberucx/dots/internal/cli/list.go:61.43,63.11 2 0
github.com/Wilberucx/dots/internal/cli/list.go:68.3,68.13 1 0
github.com/Wilberucx/dots/internal/cli/list.go:68.13,69.32 1 0
github.com/Wilberucx/dots/internal/cli/list.go:69.32,70.79 1 0
github.com/Wilberucx/dots/internal/cli/list.go:70.79,72.11 2 0
github.com/Wilberucx/dots/internal/cli/list.go:77.3,77.18 1 0
github.com/Wilberucx/dots/internal/cli/list.go:77.18,79.55 2 0
github.com/Wilberucx/dots/internal/cli/list.go:79.55,80.38 1 0
github.com/Wilberucx/dots/internal/cli/list.go:80.38,82.6 1 0
github.com/Wilberucx/dots/internal/cli/list.go:88.2,88.17 1 0
github.com/Wilberucx/dots/internal/cli/list.go:88.17,90.17 2 0
github.com/Wilberucx/dots/internal/cli/list.go:90.17,92.4 1 0
github.com/Wilberucx/dots/internal/cli/list.go:93.3,93.86 1 0
github.com/Wilberucx/dots/internal/cli/list.go:93.86,94.18 1 0
github.com/Wilberucx/dots/internal/cli/list.go:94.18,96.5 1 0
github.com/Wilberucx/dots/internal/cli/list.go:98.4,98.20 1 0
github.com/Wilberucx/dots/internal/cli/list.go:98.20,100.139 2 0
github.com/Wilberucx/dots/internal/cli/list.go:100.139,102.6 1 0
github.com/Wilberucx/dots/internal/cli/list.go:104.4,104.47 1 0
github.com/Wilberucx/dots/internal/cli/list.go:104.47,106.5 1 0
github.com/Wilberucx/dots/internal/cli/list.go:107.4,107.14 1 0
github.com/Wilberucx/dots/internal/cli/list.go:108.18,110.4 1 0
github.com/Wilberucx/dots/internal/cli/list.go:114.2,115.28 2 0
github.com/Wilberucx/dots/internal/cli/list.go:115.28,117.3 1 0
github.com/Wilberucx/dots/internal/cli/list.go:118.2,120.30 2 0
github.com/Wilberucx/dots/internal/cli/list.go:120.30,122.3 1 0
github.com/Wilberucx/dots/internal/cli/list.go:124.2,124.12 1 0
github.com/Wilberucx/dots/internal/cli/migrate.go:29.50,31.86 2 1
github.com/Wilberucx/dots/internal/cli/migrate.go:31.86,32.17 1 1
github.com/Wilberucx/dots/internal/cli/migrate.go:32.17,34.4 1 0
github.com/Wilberucx/dots/internal/cli/migrate.go:35.3,35.19 1 1
github.com/Wilberucx/dots/internal/cli/migrate.go:35.19,37.88 1 1
github.com/Wilberucx/dots/internal/cli/migrate.go:37.88,39.5 1 1
github.com/Wilberucx/dots/internal/cli/migrate.go:40.4,40.14 1 1
github.com/Wilberucx/dots/internal/cli/migrate.go:42.3,42.33 1 1
github.com/Wilberucx/dots/internal/cli/migrate.go:42.33,44.4 1 1
github.com/Wilberucx/dots/internal/cli/migrate.go:45.3,45.13 1 1
github.com/Wilberucx/dots/internal/cli/migrate.go:47.2,47.16 1 1
github.com/Wilberucx/dots/internal/cli/migrate.go:47.16,49.3 1 0
github.com/Wilberucx/dots/internal/cli/migrate.go:50.2,50.14 1 1
github.com/Wilberucx/dots/internal/cli/migrate.go:58.62,60.16 2 1
github.com/Wilberucx/dots/internal/cli/migrate.go:60.16,62.3 1 0
github.com/Wilberucx/dots/internal/cli/migrate.go:64.2,65.53 2 1
github.com/Wilberucx/dots/internal/cli/migrate.go:65.53,67.3 1 0
github.com/Wilberucx/dots/internal/cli/migrate.go:69.2,69.16 1 1
github.com/Wilberucx/dots/internal/cli/migrate.go:69.16,71.3 1 0
github.com/Wilberucx/dots/internal/cli/migrate.go:73.2,76.57 2 1
github.com/Wilberucx/dots/internal/cli/migrate.go:76.57,78.26 2 1
github.com/Wilberucx/dots/internal/cli/migrate.go:78.26,79.52 1 1
github.com/Wilberucx/dots/internal/cli/migrate.go:79.52,81.45 2 1
github.com/Wilberucx/dots/internal/cli/migrate.go:81.45,83.6 1 1
github.com/Wilberucx/dots/internal/cli/migrate.go:84.5,84.40 1 1
github.com/Wilberucx/dots/internal/cli/migrate.go:85.10,87.5 1 0
github.com/Wilberucx/dots/internal/cli/migrate.go:89.3,89.15 1 1
github.com/Wilberucx/dots/internal/cli/migrate.go:89.15,91.4 1 1
github.com/Wilberucx/dots/internal/cli/migrate.go:95.2,95.51 1 1
github.com/Wilberucx/dots/internal/cli/migrate.go:95.51,97.27 2 1
github.com/Wilberucx/dots/internal/cli/migrate.go:97.27,98.50 1 1
github.com/Wilberucx/dots/internal/cli/migrate.go:98.50,100.43 2 1
github.com/Wilberucx/dots/internal/cli/migrate.go:100.43,102.6 1 1
github.com/Wilberucx/dots/internal/cli/migrate.go:103.5,103.42 1 1
github.com/Wilberucx/dots/internal/cli/migrate.go:104.10,106.5 1 0
github.com/Wilberucx/dots/internal/cli/migrate.go:108.3,108.15 1 1
github.com/Wilberucx/dots/internal/cli/migrate.go:108.15,110.4 1 1
github.com/Wilberucx/dots/internal/cli/migrate.go:113.2,113.15 1 1
github.com/Wilberucx/dots/internal/cli/migrate.go:113.15,115.3 1 1
github.com/Wilberucx/dots/internal/cli/migrate.go:117.2,117.12 1 1
github.com/Wilberucx/dots/internal/cli/migrate.go:117.12,119.3 1 1
github.com/Wilberucx/dots/internal/cli/migrate.go:122.2,123.16 2 1
github.com/Wilberucx/dots/internal/cli/migrate.go:123.16,125.3 1 0
github.com/Wilberucx/dots/internal/cli/migrate.go:127.2,127.59 1 1
github.com/Wilberucx/dots/internal/cli/migrate.go:127.59,129.3 1 0
github.com/Wilberucx/dots/internal/cli/migrate.go:131.2,131.18 1 1
github.com/Wilberucx/dots/internal/cli/migrate.go:137.75,141.46 2 1
github.com/Wilberucx/dots/internal/cli/migrate.go:141.46,142.44 1 1
github.com/Wilberucx/dots/internal/cli/migrate.go:142.44,143.50 1 1
github.com/Wilberucx/dots/internal/cli/migrate.go:143.50,145.5 1 1
github.com/Wilberucx/dots/internal/cli/migrate.go:146.4,146.28 1 1
github.com/Wilberucx/dots/internal/cli/migrate.go:151.2,151.59 1 1
github.com/Wilberucx/dots/internal/cli/migrate.go:151.59,153.3 1 1
github.com/Wilberucx/dots/internal/cli/migrate.go:155.2,155.15 1 1
github.com/Wilberucx/dots/internal/cli/migrate.go:161.76,168.40 4 1
github.com/Wilberucx/dots/internal/cli/migrate.go:168.40,171.68 2 1
github.com/Wilberucx/dots/internal/cli/migrate.go:171.68,172.31 1 1
github.com/Wilberucx/dots/internal/cli/migrate.go:172.31,174.5 1 1
github.com/Wilberucx/dots/internal/cli/migrate.go:176.3,176.23 1 1
github.com/Wilberucx/dots/internal/cli/migrate.go:176.23,178.4 1 1
github.com/Wilberucx/dots/internal/cli/migrate.go:179.3,179.21 1 1
github.com/Wilberucx/dots/internal/cli/migrate.go:179.21,181.4 1 1
github.com/Wilberucx/dots/internal/cli/migrate.go:182.3,182.27 1 1
github.com/Wilberucx/dots/internal/cli/migrate.go:186.2,187.25 2 1
github.com/Wilberucx/dots/internal/cli/migrate.go:187.25,189.68 2 1
github.com/Wilberucx/dots/internal/cli/migrate.go:189.68,190.31 1 1
github.com/Wilberucx/dots/internal/cli/migrate.go:190.31,192.5 1 1
github.com/Wilberucx/dots/internal/cli/migrate.go:195.3,195.35 1 1
github.com/Wilberucx/dots/internal/cli/migrate.go:196.31,198.32 1 1
github.com/Wilberucx/dots/internal/cli/migrate.go:198.32,200.5 1 1
github.com/Wilberucx/dots/internal/cli/migrate.go:201.11,204.31 2 1
github.com/Wilberucx/dots/internal/cli/migrate.go:207.3,207.27 1 1
github.com/Wilberucx/dots/internal/cli/migrate.go:210.2,210.15 1 1
github.com/Wilberucx/dots/internal/cli/migrate.go:216.63,218.22 2 1
github.com/Wilberucx/dots/internal/cli/migrate.go:218.22,220.3 1 1
github.com/Wilberucx/dots/internal/cli/migrate.go:221.2,221.15 1 1
github.com/Wilberucx/dots/internal/cli/migrate.go:226.65,227.25 1 1
github.com/Wilberucx/dots/internal/cli/migrate.go:227.25,230.3 2 1
github.com/Wilberucx/dots/internal/cli/migrate.go:231.2,231.12 1 1
github.com/Wilberucx/dots/internal/cli/plan.go:17.13,25.55 1 1
github.com/Wilberucx/dots/internal/cli/plan.go:25.55,27.4 1 0
github.com/Wilberucx/dots/internal/cli/plan.go:30.2,36.29 6 1
github.com/Wilberucx/dots/internal/cli/plan.go:39.40,41.16 2 0
github.com/Wilberucx/dots/internal/cli/plan.go:41.16,43.3 1 0
github.com/Wilberucx/dots/internal/cli/plan.go:45.2,53.40 6 0
github.com/Wilberucx/dots/internal/cli/plan.go:53.40,57.3 3 0
github.com/Wilberucx/dots/internal/cli/plan.go:59.2,60.16 2 0
github.com/Wilberucx/dots/internal/cli/plan.go:60.16,62.3 1 0
github.com/Wilberucx/dots/internal/cli/plan.go:64.2,64.26 1 0
github.com/Wilberucx/dots/internal/cli/plan.go:64.26,67.3 2 0
github.com/Wilberucx/dots/internal/cli/plan.go:70.2,78.16 4 0
github.com/Wilberucx/dots/internal/cli/plan.go:79.14,81.32 1 0
github.com/Wilberucx/dots/internal/cli/plan.go:82.10,84.65 1 0
github.com/Wilberucx/dots/internal/cli/plan.go:84.65,87.4 2 0
github.com/Wilberucx/dots/internal/cli/plan.go:88.3,88.28 1 0
github.com/Wilberucx/dots/internal/cli/plan.go:91.2,91.12 1 0
github.com/Wilberucx/dots/internal/cli/plan.go:95.62,100.42 3 0
github.com/Wilberucx/dots/internal/cli/plan.go:100.42,104.29 3 0
github.com/Wilberucx/dots/internal/cli/plan.go:104.29,112.18 6 0
github.com/Wilberucx/dots/internal/cli/plan.go:113.34,115.41 2 0
github.com/Wilberucx/dots/internal/cli/plan.go:115.41,115.73 1 0
github.com/Wilberucx/dots/internal/cli/plan.go:116.31,118.41 2 0
github.com/Wilberucx/dots/internal/cli/plan.go:118.41,118.77 1 0
github.com/Wilberucx/dots/internal/cli/plan.go:119.35,121.41 2 0
github.com/Wilberucx/dots/internal/cli/plan.go:121.41,121.74 1 0
github.com/Wilberucx/dots/internal/cli/plan.go:122.31,124.41 2 0
github.com/Wilberucx/dots/internal/cli/plan.go:124.41,124.85 1 0
github.com/Wilberucx/dots/internal/cli/plan.go:125.32,127.41 2 0
github.com/Wilberucx/dots/internal/cli/plan.go:127.41,127.85 1 0
github.com/Wilberucx/dots/internal/cli/plan.go:129.28,131.41 2 0
github.com/Wilberucx/dots/internal/cli/plan.go:131.41,131.87 1 0
github.com/Wilberucx/dots/internal/cli/plan.go:132.12,134.41 2 0
github.com/Wilberucx/dots/internal/cli/plan.go:134.41,134.85 1 0
github.com/Wilberucx/dots/internal/cli/plan.go:137.4,138.23 2 0
github.com/Wilberucx/dots/internal/cli/plan.go:138.23,140.5 1 0
github.com/Wilberucx/dots/internal/cli/plan.go:141.4,141.20 1 0
github.com/Wilberucx/dots/internal/cli/plan.go:145.3,146.29 2 0
github.com/Wilberucx/dots/internal/cli/plan.go:146.29,148.4 1 0
github.com/Wilberucx/dots/internal/cli/plan.go:149.3,150.51 2 0
github.com/Wilberucx/dots/internal/cli/plan.go:150.51,152.4 1 0
github.com/Wilberucx/dots/internal/cli/plan.go:153.3,153.48 1 0
github.com/Wilberucx/dots/internal/cli/plan.go:153.48,155.4 1 0
github.com/Wilberucx/dots/internal/cli/plan.go:156.3,156.52 1 0
github.com/Wilberucx/dots/internal/cli/plan.go:156.52,158.4 1 0
github.com/Wilberucx/dots/internal/cli/plan.go:159.3,159.51 1 0
github.com/Wilberucx/dots/internal/cli/plan.go:159.51,161.4 1 0
github.com/Wilberucx/dots/internal/cli/plan.go:162.3,162.21 1 0
github.com/Wilberucx/dots/internal/cli/plan.go:162.21,164.4 1 0
github.com/Wilberucx/dots/internal/cli/plan.go:165.3,165.16 1 0
github.com/Wilberucx/dots/internal/cli/plan.go:169.2,172.50 4 0
github.com/Wilberucx/dots/internal/cli/plan.go:172.50,174.3 1 0
github.com/Wilberucx/dots/internal/cli/plan.go:175.2,175.47 1 0
github.com/Wilberucx/dots/internal/cli/plan.go:175.47,177.3 1 0
github.com/Wilberucx/dots/internal/cli/plan.go:178.2,178.51 1 0
github.com/Wilberucx/dots/internal/cli/plan.go:178.51,180.3 1 0
github.com/Wilberucx/dots/internal/cli/plan.go:181.2,181.47 1 0
github.com/Wilberucx/dots/internal/cli/plan.go:181.47,183.3 1 0
github.com/Wilberucx/dots/internal/cli/plan.go:184.2,184.50 1 0
github.com/Wilberucx/dots/internal/cli/plan.go:184.50,186.3 1 0
github.com/Wilberucx/dots/internal/cli/plan.go:187.2,187.27 1 0
github.com/Wilberucx/dots/internal/cli/plan.go:187.27,189.3 1 0
github.com/Wilberucx/dots/internal/cli/plan.go:191.2,191.109 1 0
github.com/Wilberucx/dots/internal/cli/plan.go:195.65,206.30 3 0
github.com/Wilberucx/dots/internal/cli/plan.go:206.30,215.3 1 0
github.com/Wilberucx/dots/internal/cli/plan.go:217.2,223.16 3 0
github.com/Wilberucx/dots/internal/cli/plan.go:223.16,225.3 1 0
github.com/Wilberucx/dots/internal/cli/plan.go:227.2,228.12 2 0
github.com/Wilberucx/dots/internal/cli/root.go:26.67,34.43 3 0
github.com/Wilberucx/dots/internal/cli/root.go:34.43,37.22 2 0
github.com/Wilberucx/dots/internal/cli/root.go:38.46,41.27 2 0
github.com/Wilberucx/dots/internal/cli/root.go:41.27,43.6 1 0
github.com/Wilberucx/dots/internal/cli/root.go:44.12,44.12 0 0
github.com/Wilberucx/dots/internal/cli/root.go:49.3,49.13 1 0
github.com/Wilberucx/dots/internal/cli/root.go:51.54,52.48 1 0
github.com/Wilberucx/dots/internal/cli/root.go:52.48,55.4 2 0
github.com/Wilberucx/dots/internal/cli/root.go:56.3,56.20 1 0
github.com/Wilberucx/dots/internal/cli/root.go:69.47,70.25 1 0
github.com/Wilberucx/dots/internal/cli/root.go:70.25,72.3 1 0
github.com/Wilberucx/dots/internal/cli/root.go:73.2,73.20 1 0
github.com/Wilberucx/dots/internal/cli/root.go:73.20,75.17 2 0
github.com/Wilberucx/dots/internal/cli/root.go:75.17,77.4 1 0
github.com/Wilberucx/dots/internal/cli/root.go:78.3,78.38 1 0
github.com/Wilberucx/dots/internal/cli/root.go:78.38,80.4 1 0
github.com/Wilberucx/dots/internal/cli/root.go:81.3,81.34 1 0
github.com/Wilberucx/dots/internal/cli/root.go:83.2,84.16 2 0
github.com/Wilberucx/dots/internal/cli/root.go:84.16,87.20 2 0
github.com/Wilberucx/dots/internal/cli/root.go:87.20,89.18 2 0
github.com/Wilberucx/dots/internal/cli/root.go:89.18,92.5 1 0
github.com/Wilberucx/dots/internal/cli/root.go:92.10,92.29 1 0
github.com/Wilberucx/dots/internal/cli/root.go:92.29,102.42 4 0
github.com/Wilberucx/dots/internal/cli/root.go:102.42,105.35 2 0
github.com/Wilberucx/dots/internal/cli/root.go:105.35,111.7 1 0
github.com/Wilberucx/dots/internal/cli/root.go:112.6,112.38 1 0
github.com/Wilberucx/dots/internal/cli/root.go:117.2,117.17 1 0
github.com/Wilberucx/dots/internal/cli/root.go:121.69,127.45 4 0
github.com/Wilberucx/dots/internal/cli/root.go:127.45,129.3 1 0
github.com/Wilberucx/dots/internal/cli/root.go:132.2,133.47 2 0
github.com/Wilberucx/dots/internal/cli/root.go:133.47,135.3 1 0
github.com/Wilberucx/dots/internal/cli/root.go:137.2,137.17 1 0
github.com/Wilberucx/dots/internal/cli/root.go:141.98,143.2 1 0
github.com/Wilberucx/dots/internal/cli/root.go:145.13,161.2 11 1
github.com/Wilberucx/dots/internal/cli/root.go:164.16,165.42 1 0
github.com/Wilberucx/dots/internal/cli/root.go:165.42,168.3 2 0
github.com/Wilberucx/dots/internal/cli/root.go:169.2,169.18 1 0
github.com/Wilberucx/dots/internal/cli/root.go:175.53,178.26 3 0
github.com/Wilberucx/dots/internal/cli/root.go:178.26,179.15 1 0
github.com/Wilberucx/dots/internal/cli/root.go:179.15,182.4 2 0
github.com/Wilberucx/dots/internal/cli/root.go:184.2,184.25 1 0
github.com/Wilberucx/dots/internal/cli/root.go:184.25,185.15 1 0
github.com/Wilberucx/dots/internal/cli/root.go:185.15,188.4 2 0
github.com/Wilberucx/dots/internal/cli/root.go:190.2,190.15 1 0
github.com/Wilberucx/dots/internal/cli/root.go:194.64,197.2 2 0
github.com/Wilberucx/dots/internal/cli/root.go:200.57,203.2 2 0
github.com/Wilberucx/dots/internal/cli/root.go:206.53,209.2 2 0
github.com/Wilberucx/dots/internal/cli/root.go:230.13,237.2 6 1
github.com/Wilberucx/dots/internal/cli/root.go:246.13,250.2 3 1
github.com/Wilberucx/dots/internal/cli/root.go:259.13,266.2 6 1
github.com/Wilberucx/dots/internal/cli/root.go:276.13,282.2 5 1
github.com/Wilberucx/dots/internal/cli/root.go:292.13,295.2 2 1
github.com/Wilberucx/dots/internal/cli/root.go:307.13,310.2 2 1
github.com/Wilberucx/dots/internal/cli/root.go:319.13,324.2 4 1
github.com/Wilberucx/dots/internal/cli/root.go:353.13,367.2 10 1
github.com/Wilberucx/dots/internal/cli/root.go:374.54,377.3 2 0
github.com/Wilberucx/dots/internal/cli/root.go:380.13,383.2 2 1
github.com/Wilberucx/dots/internal/cli/status.go:19.13,20.65 1 1
github.com/Wilberucx/dots/internal/cli/status.go:20.65,22.3 1 0
github.com/Wilberucx/dots/internal/cli/status.go:25.57,27.16 2 0
github.com/Wilberucx/dots/internal/cli/status.go:27.16,29.3 1 0
github.com/Wilberucx/dots/internal/cli/status.go:31.2,39.15 7 0
github.com/Wilberucx/dots/internal/cli/status.go:39.15,41.3 1 0
github.com/Wilberucx/dots/internal/cli/status.go:43.2,44.16 2 0
github.com/Wilberucx/dots/internal/cli/status.go:44.16,46.3 1 0
github.com/Wilberucx/dots/internal/cli/status.go:48.2,48.26 1 0
github.com/Wilberucx/dots/internal/cli/status.go:48.26,49.28 1 0
github.com/Wilberucx/dots/internal/cli/status.go:49.28,52.4 1 0
github.com/Wilberucx/dots/internal/cli/status.go:53.3,54.13 2 0
github.com/Wilberucx/dots/internal/cli/status.go:57.2,58.31 2 0
github.com/Wilberucx/dots/internal/cli/status.go:58.31,60.38 2 0
github.com/Wilberucx/dots/internal/cli/status.go:60.38,61.13 1 0
github.com/Wilberucx/dots/internal/cli/status.go:62.20,63.32 1 0
github.com/Wilberucx/dots/internal/cli/status.go:64.18,65.32 1 0
github.com/Wilberucx/dots/internal/cli/status.go:66.18,67.30 1 0
github.com/Wilberucx/dots/internal/cli/status.go:68.19,69.31 1 0
github.com/Wilberucx/dots/internal/cli/status.go:70.18,71.30 1 0
github.com/Wilberucx/dots/internal/cli/status.go:72.12,73.23 1 0
github.com/Wilberucx/dots/internal/cli/status.go:78.2,78.16 1 0
github.com/Wilberucx/dots/internal/cli/status.go:79.15,80.54 1 0
github.com/Wilberucx/dots/internal/cli/status.go:81.14,82.60 1 0
github.com/Wilberucx/dots/internal/cli/status.go:83.19,84.58 1 0
github.com/Wilberucx/dots/internal/cli/status.go:85.10,87.56 2 0
github.com/Wilberucx/dots/internal/cli/status.go:90.2,90.12 1 0
github.com/Wilberucx/dots/internal/cli/status.go:105.3,110.41 3 0
github.com/Wilberucx/dots/internal/cli/status.go:110.41,113.18 2 0
github.com/Wilberucx/dots/internal/cli/status.go:113.18,115.32 2 0
github.com/Wilberucx/dots/internal/cli/status.go:115.32,116.28 1 0
github.com/Wilberucx/dots/internal/cli/status.go:116.28,118.11 2 0
github.com/Wilberucx/dots/internal/cli/status.go:121.4,121.18 1 0
github.com/Wilberucx/dots/internal/cli/status.go:121.18,122.13 1 0
github.com/Wilberucx/dots/internal/cli/status.go:126.3,131.31 5 0
github.com/Wilberucx/dots/internal/cli/status.go:131.31,132.20 1 0
github.com/Wilberucx/dots/internal/cli/status.go:133.30,134.19 1 0
github.com/Wilberucx/dots/internal/cli/status.go:135.54,136.19 1 0
github.com/Wilberucx/dots/internal/cli/status.go:137.31,138.20 1 0
github.com/Wilberucx/dots/internal/cli/status.go:139.32,140.20 1 0
github.com/Wilberucx/dots/internal/cli/status.go:144.3,145.18 2 0
github.com/Wilberucx/dots/internal/cli/status.go:145.18,147.32 2 0
github.com/Wilberucx/dots/internal/cli/status.go:147.32,148.28 1 0
github.com/Wilberucx/dots/internal/cli/status.go:148.28,150.6 1 0
github.com/Wilberucx/dots/internal/cli/status.go:152.4,152.24 1 0
github.com/Wilberucx/dots/internal/cli/status.go:152.24,154.5 1 0
github.com/Wilberucx/dots/internal/cli/status.go:157.3,157.23 1 0
github.com/Wilberucx/dots/internal/cli/status.go:157.23,158.78 1 0
github.com/Wilberucx/dots/internal/cli/status.go:158.78,162.33 4 0
github.com/Wilberucx/dots/internal/cli/status.go:162.33,163.44 1 0
github.com/Wilberucx/dots/internal/cli/status.go:163.44,165.7 1 0
github.com/Wilberucx/dots/internal/cli/status.go:166.6,166.42 1 0
github.com/Wilberucx/dots/internal/cli/status.go:166.42,168.7 1 0
github.com/Wilberucx/dots/internal/cli/status.go:170.5,170.22 1 0
github.com/Wilberucx/dots/internal/cli/status.go:170.22,172.6 1 0
github.com/Wilberucx/dots/internal/cli/status.go:173.5,173.24 1 0
github.com/Wilberucx/dots/internal/cli/status.go:173.24,175.6 1 0
github.com/Wilberucx/dots/internal/cli/status.go:176.5,177.25 2 0
github.com/Wilberucx/dots/internal/cli/status.go:177.25,179.6 1 0
github.com/Wilberucx/dots/internal/cli/status.go:180.5,180.62 1 0
github.com/Wilberucx/dots/internal/cli/status.go:182.9,182.31 1 0
github.com/Wilberucx/dots/internal/cli/status.go:182.31,183.52 1 0
github.com/Wilberucx/dots/internal/cli/status.go:183.52,185.25 2 0
github.com/Wilberucx/dots/internal/cli/status.go:185.25,187.6 1 0
github.com/Wilberucx/dots/internal/cli/status.go:188.5,188.70 1 0
github.com/Wilberucx/dots/internal/cli/status.go:190.9,190.31 1 0
github.com/Wilberucx/dots/internal/cli/status.go:190.31,191.53 1 0
github.com/Wilberucx/dots/internal/cli/status.go:191.53,193.25 2 0
github.com/Wilberucx/dots/internal/cli/status.go:193.25,195.6 1 0
github.com/Wilberucx/dots/internal/cli/status.go:196.5,196.66 1 0
github.com/Wilberucx/dots/internal/cli/status.go:198.9,198.30 1 0
github.com/Wilberucx/dots/internal/cli/status.go:198.30,199.51 1 0
github.com/Wilberucx/dots/internal/cli/status.go:199.51,201.25 2 0
github.com/Wilberucx/dots/internal/cli/status.go:201.25,203.6 1 0
github.com/Wilberucx/dots/internal/cli/status.go:204.5,204.62 1 0
github.com/Wilberucx/dots/internal/cli/status.go:206.9,208.4 1 0
github.com/Wilberucx/dots/internal/cli/status.go:211.2,220.21 8 0
github.com/Wilberucx/dots/internal/cli/status.go:220.21,222.3 1 0
github.com/Wilberucx/dots/internal/cli/status.go:223.2,223.23 1 0
github.com/Wilberucx/dots/internal/cli/status.go:223.23,225.3 1 0
github.com/Wilberucx/dots/internal/cli/status.go:226.2,226.21 1 0
github.com/Wilberucx/dots/internal/cli/status.go:226.21,228.3 1 0
github.com/Wilberucx/dots/internal/cli/status.go:229.2,229.25 1 0
github.com/Wilberucx/dots/internal/cli/status.go:229.25,231.3 1 0
github.com/Wilberucx/dots/internal/cli/status.go:232.2,232.24 1 0
github.com/Wilberucx/dots/internal/cli/status.go:232.24,234.3 1 0
github.com/Wilberucx/dots/internal/cli/status.go:236.2,239.98 3 0
github.com/Wilberucx/dots/internal/cli/status.go:249.3,250.16 1 0
github.com/Wilberucx/dots/internal/cli/status.go:250.16,252.3 1 0
github.com/Wilberucx/dots/internal/cli/status.go:254.2,255.37 2 0
github.com/Wilberucx/dots/internal/cli/status.go:255.37,257.3 1 0
github.com/Wilberucx/dots/internal/cli/status.go:257.8,257.44 1 0
github.com/Wilberucx/dots/internal/cli/status.go:257.44,259.3 1 0
github.com/Wilberucx/dots/internal/cli/status.go:259.8,259.44 1 0
github.com/Wilberucx/dots/internal/cli/status.go:259.44,261.3 1 0
github.com/Wilberucx/dots/internal/cli/status.go:262.2,264.29 2 0
github.com/Wilberucx/dots/internal/cli/status.go:264.29,270.54 5 0
github.com/Wilberucx/dots/internal/cli/status.go:270.54,275.4 4 0
github.com/Wilberucx/dots/internal/cli/status.go:277.3,277.18 1 0
github.com/Wilberucx/dots/internal/cli/status.go:277.18,279.35 2 0
github.com/Wilberucx/dots/internal/cli/status.go:279.35,280.27 1 0
github.com/Wilberucx/dots/internal/cli/status.go:280.27,282.6 1 0
github.com/Wilberucx/dots/internal/cli/status.go:282.11,284.6 1 0
github.com/Wilberucx/dots/internal/cli/status.go:286.9,288.4 1 0
github.com/Wilberucx/dots/internal/cli/status.go:290.2,290.15 1 0
github.com/Wilberucx/dots/internal/cli/status.go:295.51,296.15 1 0
github.com/Wilberucx/dots/internal/cli/status.go:297.28,298.22 1 0
github.com/Wilberucx/dots/internal/cli/status.go:299.30,300.24 1 0
github.com/Wilberucx/dots/internal/cli/status.go:301.28,302.22 1 0
github.com/Wilberucx/dots/internal/cli/status.go:303.30,304.24 1 0
github.com/Wilberucx/dots/internal/cli/status.go:305.29,306.23 1 0
github.com/Wilberucx/dots/internal/cli/status.go:307.10,308.23 1 0
github.com/Wilberucx/dots/internal/cli/status.go:317.3,336.41 6 0
github.com/Wilberucx/dots/internal/cli/status.go:336.41,340.31 3 0
github.com/Wilberucx/dots/internal/cli/status.go:340.31,341.60 1 0
github.com/Wilberucx/dots/internal/cli/status.go:341.60,342.13 1 0
github.com/Wilberucx/dots/internal/cli/status.go:345.4,345.42 1 0
github.com/Wilberucx/dots/internal/cli/status.go:345.42,346.13 1 0
github.com/Wilberucx/dots/internal/cli/status.go:349.4,350.16 2 0
github.com/Wilberucx/dots/internal/cli/status.go:350.16,353.5 2 0
github.com/Wilberucx/dots/internal/cli/status.go:355.4,356.27 2 0
github.com/Wilberucx/dots/internal/cli/status.go:356.27,358.5 1 0
github.com/Wilberucx/dots/internal/cli/status.go:360.4,361.21 2 0
github.com/Wilberucx/dots/internal/cli/status.go:361.21,363.5 1 0
github.com/Wilberucx/dots/internal/cli/status.go:365.4,366.22 2 0
github.com/Wilberucx/dots/internal/cli/status.go:366.22,368.5 1 0
github.com/Wilberucx/dots/internal/cli/status.go:370.4,377.11 2 0
github.com/Wilberucx/dots/internal/cli/status.go:381.2,381.16 1 0
github.com/Wilberucx/dots/internal/cli/status.go:381.16,384.3 2 0
github.com/Wilberucx/dots/internal/cli/status.go:386.2,389.81 4 0
github.com/Wilberucx/dots/internal/cli/status.go:399.9,432.41 8 0
github.com/Wilberucx/dots/internal/cli/status.go:432.41,436.31 3 0
github.com/Wilberucx/dots/internal/cli/status.go:436.31,437.60 1 0
github.com/Wilberucx/dots/internal/cli/status.go:437.60,438.13 1 0
github.com/Wilberucx/dots/internal/cli/status.go:440.4,440.42 1 0
github.com/Wilberucx/dots/internal/cli/status.go:440.42,441.13 1 0
github.com/Wilberucx/dots/internal/cli/status.go:444.4,445.19 2 0
github.com/Wilberucx/dots/internal/cli/status.go:445.19,447.5 1 0
github.com/Wilberucx/dots/internal/cli/status.go:449.4,454.27 2 0
github.com/Wilberucx/dots/internal/cli/status.go:454.27,456.5 1 0
github.com/Wilberucx/dots/internal/cli/status.go:458.4,459.20 2 0
github.com/Wilberucx/dots/internal/cli/status.go:462.3,462.21 1 0
github.com/Wilberucx/dots/internal/cli/status.go:462.21,464.4 1 0
github.com/Wilberucx/dots/internal/cli/status.go:467.2,473.16 3 0
github.com/Wilberucx/dots/internal/cli/status.go:473.16,475.3 1 0
github.com/Wilberucx/dots/internal/cli/status.go:477.2,478.12 2 0
github.com/Wilberucx/dots/internal/cli/status.go:488.3,491.41 2 0
github.com/Wilberucx/dots/internal/cli/status.go:491.41,494.31 2 0
github.com/Wilberucx/dots/internal/cli/status.go:494.31,495.60 1 0
github.com/Wilberucx/dots/internal/cli/status.go:495.60,496.13 1 0
github.com/Wilberucx/dots/internal/cli/status.go:498.4,498.42 1 0
github.com/Wilberucx/dots/internal/cli/status.go:498.42,499.13 1 0
github.com/Wilberucx/dots/internal/cli/status.go:502.4,503.21 2 0
github.com/Wilberucx/dots/internal/cli/status.go:503.21,505.5 1 0
github.com/Wilberucx/dots/internal/cli/status.go:507.4,508.22 2 0
github.com/Wilberucx/dots/internal/cli/status.go:508.22,510.5 1 0
github.com/Wilberucx/dots/internal/cli/status.go:513.4,518.5 1 0
github.com/Wilberucx/dots/internal/cli/status.go:525.52,526.38 1 1
github.com/Wilberucx/dots/internal/cli/status.go:526.38,528.3 1 0
github.com/Wilberucx/dots/internal/cli/status.go:529.2,529.13 1 1
github.com/Wilberucx/dots/internal/cli/status.go:532.78,534.31 2 0
github.com/Wilberucx/dots/internal/cli/status.go:534.31,536.3 1 0
github.com/Wilberucx/dots/internal/cli/status.go:537.2,538.14 2 0
github.com/Wilberucx/dots/internal/cli/unlink.go:15.13,16.65 1 1
github.com/Wilberucx/dots/internal/cli/unlink.go:16.65,18.3 1 0
github.com/Wilberucx/dots/internal/cli/unlink.go:34.40,35.19 1 0
github.com/Wilberucx/dots/internal/cli/unlink.go:35.19,37.3 1 0
github.com/Wilberucx/dots/internal/cli/unlink.go:38.2,38.42 1 0
github.com/Wilberucx/dots/internal/cli/unlink.go:38.42,40.3 1 0
github.com/Wilberucx/dots/internal/cli/unlink.go:43.35,44.19 1 0
github.com/Wilberucx/dots/internal/cli/unlink.go:44.19,47.3 2 0
github.com/Wilberucx/dots/internal/cli/unlink.go:48.2,49.12 2 0
github.com/Wilberucx/dots/internal/cli/unlink.go:52.57,56.16 3 0
github.com/Wilberucx/dots/internal/cli/unlink.go:56.16,58.3 1 0
github.com/Wilberucx/dots/internal/cli/unlink.go:60.2,66.30 5 0
github.com/Wilberucx/dots/internal/cli/unlink.go:66.30,68.3 1 0
github.com/Wilberucx/dots/internal/cli/unlink.go:68.8,68.24 1 0
github.com/Wilberucx/dots/internal/cli/unlink.go:68.24,70.32 2 0
github.com/Wilberucx/dots/internal/cli/unlink.go:70.32,73.4 2 0
github.com/Wilberucx/dots/internal/cli/unlink.go:74.3,75.16 2 0
github.com/Wilberucx/dots/internal/cli/unlink.go:76.8,76.20 1 0
github.com/Wilberucx/dots/internal/cli/unlink.go:76.20,78.32 2 0
github.com/Wilberucx/dots/internal/cli/unlink.go:78.32,81.4 2 0
github.com/Wilberucx/dots/internal/cli/unlink.go:82.3,83.16 2 0
github.com/Wilberucx/dots/internal/cli/unlink.go:84.8,86.3 1 0
github.com/Wilberucx/dots/internal/cli/unlink.go:89.2,90.16 2 0
github.com/Wilberucx/dots/internal/cli/unlink.go:90.16,92.3 1 0
github.com/Wilberucx/dots/internal/cli/unlink.go:93.2,93.26 1 0
github.com/Wilberucx/dots/internal/cli/unlink.go:93.26,96.3 2 0
github.com/Wilberucx/dots/internal/cli/unlink.go:99.2,103.38 4 0
github.com/Wilberucx/dots/internal/cli/unlink.go:103.38,108.31 4 0
github.com/Wilberucx/dots/internal/cli/unlink.go:108.31,109.22 1 0
github.com/Wilberucx/dots/internal/cli/unlink.go:109.22,110.10 1 0
github.com/Wilberucx/dots/internal/cli/unlink.go:113.4,116.20 3 0
github.com/Wilberucx/dots/internal/cli/unlink.go:117.30,118.15 1 0
github.com/Wilberucx/dots/internal/cli/unlink.go:118.15,126.6 2 0
github.com/Wilberucx/dots/internal/cli/unlink.go:126.11,128.24 2 0
github.com/Wilberucx/dots/internal/cli/unlink.go:128.24,136.7 2 0
github.com/Wilberucx/dots/internal/cli/unlink.go:136.12,144.7 2 0
github.com/Wilberucx/dots/internal/cli/unlink.go:147.32,154.25 2 0
github.com/Wilberucx/dots/internal/cli/unlink.go:156.55,163.25 2 0
github.com/Wilberucx/dots/internal/cli/unlink.go:165.30,172.25 2 0
github.com/Wilberucx/dots/internal/cli/unlink.go:177.3,178.28 2 0
github.com/Wilberucx/dots/internal/cli/unlink.go:178.28,180.24 2 0
github.com/Wilberucx/dots/internal/cli/unlink.go:180.24,182.5 1 0
github.com/Wilberucx/dots/internal/cli/unlink.go:183.4,183.20 1 0
github.com/Wilberucx/dots/internal/cli/unlink.go:187.3,188.28 2 0
github.com/Wilberucx/dots/internal/cli/unlink.go:188.28,190.15 2 0
github.com/Wilberucx/dots/internal/cli/unlink.go:190.15,192.5 1 0
github.com/Wilberucx/dots/internal/cli/unlink.go:193.4,193.107 1 0
github.com/Wilberucx/dots/internal/cli/unlink.go:195.3,195.29 1 0
github.com/Wilberucx/dots/internal/cli/unlink.go:195.29,197.4 1 0
github.com/Wilberucx/dots/internal/cli/unlink.go:198.3,198.27 1 0
github.com/Wilberucx/dots/internal/cli/unlink.go:198.27,200.4 1 0
github.com/Wilberucx/dots/internal/cli/unlink.go:201.3,205.40 3 0
github.com/Wilberucx/dots/internal/cli/unlink.go:209.2,209.13 1 0
github.com/Wilberucx/dots/internal/cli/unlink.go:209.13,210.37 1 0
github.com/Wilberucx/dots/internal/cli/unlink.go:210.37,215.4 4 0
github.com/Wilberucx/dots/internal/cli/unlink.go:219.2,221.24 3 0
github.com/Wilberucx/dots/internal/cli/unlink.go:221.24,223.14 2 0
github.com/Wilberucx/dots/internal/cli/unlink.go:223.14,225.4 1 0
github.com/Wilberucx/dots/internal/cli/unlink.go:226.3,226.111 1 0
github.com/Wilberucx/dots/internal/cli/unlink.go:228.2,228.25 1 0
github.com/Wilberucx/dots/internal/cli/unlink.go:228.25,230.3 1 0
github.com/Wilberucx/dots/internal/cli/unlink.go:231.2,233.12 2 0
github.com/Wilberucx/dots/internal/cli/unlink.go:233.12,235.3 1 0
github.com/Wilberucx/dots/internal/cli/unlink.go:237.2,237.12 1 0
github.com/Wilberucx/dots/internal/cli/updates.go:26.24,28.16 2 0
github.com/Wilberucx/dots/internal/cli/updates.go:28.16,30.3 1 0
github.com/Wilberucx/dots/internal/cli/updates.go:31.2,34.47 2 0
github.com/Wilberucx/dots/internal/cli/updates.go:34.47,35.42 1 0
github.com/Wilberucx/dots/internal/cli/updates.go:35.42,37.4 1 0
github.com/Wilberucx/dots/internal/cli/updates.go:40.2,40.12 1 0
github.com/Wilberucx/dots/internal/cli/updates.go:40.12,45.17 5 0
github.com/Wilberucx/dots/internal/cli/updates.go:45.17,47.4 1 0
github.com/Wilberucx/dots/internal/cli/updates.go:48.3,49.17 2 0
github.com/Wilberucx/dots/internal/cli/updates.go:49.17,51.4 1 0
github.com/Wilberucx/dots/internal/cli/updates.go:52.3,54.39 2 0
github.com/Wilberucx/dots/internal/cli/updates.go:54.39,56.4 1 0
github.com/Wilberucx/dots/internal/cli/updates.go:58.3,61.66 2 0
github.com/Wilberucx/dots/internal/cli/updates.go:61.66,63.4 1 0
github.com/Wilberucx/dots/internal/cli/updates.go:65.3,65.21 1 0
github.com/Wilberucx/dots/internal/cli/updates.go:65.21,67.4 1 0
github.com/Wilberucx/dots/internal/cli/updates.go:69.3,70.19 2 0
github.com/Wilberucx/dots/internal/cli/updates.go:70.19,72.4 1 0
github.com/Wilberucx/dots/internal/cli/updates.go:74.3,81.39 4 0
github.com/Wilberucx/dots/internal/cli/updates.go:86.23,88.16 2 0
github.com/Wilberucx/dots/internal/cli/updates.go:88.16,90.3 1 0
github.com/Wilberucx/dots/internal/cli/updates.go:91.2,94.16 3 0
github.com/Wilberucx/dots/internal/cli/updates.go:94.16,96.3 1 0
github.com/Wilberucx/dots/internal/cli/updates.go:98.2,99.53 2 0
github.com/Wilberucx/dots/internal/cli/updates.go:99.53,101.3 1 0
github.com/Wilberucx/dots/internal/cli/updates.go:103.2,103.31 1 0
github.com/Wilberucx/dots/internal/cli/updates.go:103.31,105.3 1 0
github.com/Wilberucx/dots/internal/cli/updates.go:107.2,107.43 1 0
github.com/Wilberucx/dots/internal/cli/updates.go:107.43,111.3 3 0
github.com/Wilberucx/dots/internal/cli/updates.go:116.43,120.46 3 0
github.com/Wilberucx/dots/internal/cli/updates.go:120.46,121.20 1 0
github.com/Wilberucx/dots/internal/cli/updates.go:121.20,123.4 1 0
github.com/Wilberucx/dots/internal/cli/updates.go:124.3,124.20 1 0
github.com/Wilberucx/dots/internal/cli/updates.go:124.20,126.4 1 0
github.com/Wilberucx/dots/internal/cli/updates.go:128.2,128.26 1 0
github.com/Wilberucx/dots/internal/cli/updates.go:132.35,136.26 4 0
github.com/Wilberucx/dots/internal/cli/updates.go:136.26,139.23 2 0
github.com/Wilberucx/dots/internal/cli/updates.go:139.23,140.26 1 0
github.com/Wilberucx/dots/internal/cli/updates.go:140.26,142.10 2 0
github.com/Wilberucx/dots/internal/cli/updates.go:145.3,147.25 3 0
github.com/Wilberucx/dots/internal/cli/updates.go:149.2,149.13 1 0
github.com/Wilberucx/dots/internal/lua/api_deps.go:12.44,15.21 2 1
github.com/Wilberucx/dots/internal/lua/api_deps.go:15.21,17.30 2 1
github.com/Wilberucx/dots/internal/lua/api_deps.go:17.30,20.4 2 0
github.com/Wilberucx/dots/internal/lua/api_deps.go:21.3,21.37 1 1
github.com/Wilberucx/dots/internal/lua/api_deps.go:21.37,23.4 1 1
github.com/Wilberucx/dots/internal/lua/api_deps.go:23.9,25.4 1 0
github.com/Wilberucx/dots/internal/lua/api_deps.go:28.2,28.16 1 1
github.com/Wilberucx/dots/internal/lua/api_deps.go:28.16,31.3 2 0
github.com/Wilberucx/dots/internal/lua/api_deps.go:34.2,36.10 3 1
github.com/Wilberucx/dots/internal/lua/api_deps.go:40.45,42.15 2 1
github.com/Wilberucx/dots/internal/lua/api_deps.go:42.15,45.3 2 0
github.com/Wilberucx/dots/internal/lua/api_deps.go:47.2,50.10 4 1
github.com/Wilberucx/dots/internal/lua/api_deps.go:54.44,56.15 2 1
github.com/Wilberucx/dots/internal/lua/api_deps.go:56.15,59.3 2 0
github.com/Wilberucx/dots/internal/lua/api_deps.go:61.2,64.10 4 1
github.com/Wilberucx/dots/internal/lua/api_files.go:8.45,15.2 5 1
github.com/Wilberucx/dots/internal/lua/api_files.go:18.44,24.2 4 1
github.com/Wilberucx/dots/internal/lua/api_files.go:27.45,37.2 6 1
github.com/Wilberucx/dots/internal/lua/api_files.go:42.44,43.11 1 1
github.com/Wilberucx/dots/internal/lua/api_files.go:44.18,45.16 1 1
github.com/Wilberucx/dots/internal/lua/api_files.go:46.19,47.18 1 1
github.com/Wilberucx/dots/internal/lua/api_files.go:48.21,49.20 1 1
github.com/Wilberucx/dots/internal/lua/api_files.go:50.18,51.16 1 1
github.com/Wilberucx/dots/internal/lua/api_files.go:52.10,53.19 1 1
github.com/Wilberucx/dots/internal/lua/loader.go:20.59,31.67 2 1
github.com/Wilberucx/dots/internal/lua/loader.go:31.67,36.68 3 1
github.com/Wilberucx/dots/internal/lua/loader.go:36.68,38.18 2 1
github.com/Wilberucx/dots/internal/lua/loader.go:38.18,41.5 2 0
github.com/Wilberucx/dots/internal/lua/loader.go:42.4,43.12 2 1
github.com/Wilberucx/dots/internal/lua/loader.go:47.3,47.21 1 1
github.com/Wilberucx/dots/internal/lua/loader.go:47.21,49.49 2 1
github.com/Wilberucx/dots/internal/lua/loader.go:49.49,51.19 2 1
github.com/Wilberucx/dots/internal/lua/loader.go:51.19,54.6 2 0
github.com/Wilberucx/dots/internal/lua/loader.go:55.5,56.13 2 1
github.com/Wilberucx/dots/internal/lua/loader.go:61.3,63.11 3 1
github.com/Wilberucx/dots/internal/lua/loader.go:70.69,73.37 2 1
github.com/Wilberucx/dots/internal/lua/loader.go:73.37,76.17 3 1
github.com/Wilberucx/dots/internal/lua/loader.go:76.17,77.12 1 0
github.com/Wilberucx/dots/internal/lua/loader.go:79.3,79.16 1 1
github.com/Wilberucx/dots/internal/lua/loader.go:79.16,81.48 2 1
github.com/Wilberucx/dots/internal/lua/loader.go:81.48,85.5 3 1
github.com/Wilberucx/dots/internal/lua/loader.go:91.79,94.67 2 1
github.com/Wilberucx/dots/internal/lua/loader.go:94.67,96.3 1 1
github.com/Wilberucx/dots/internal/lua/loader.go:99.2,99.20 1 1
github.com/Wilberucx/dots/internal/lua/loader.go:99.20,101.48 2 1
github.com/Wilberucx/dots/internal/lua/loader.go:101.48,103.18 2 1
github.com/Wilberucx/dots/internal/lua/loader.go:103.18,105.5 1 0
github.com/Wilberucx/dots/internal/lua/loader.go:106.4,106.18 1 1
github.com/Wilberucx/dots/internal/lua/loader.go:110.2,110.55 1 1
github.com/Wilberucx/dots/internal/lua/loader_modules.go:15.77,18.52 2 1
github.com/Wilberucx/dots/internal/lua/loader_modules.go:18.52,20.41 1 1
github.com/Wilberucx/dots/internal/lua/loader_modules.go:20.41,22.55 2 1
github.com/Wilberucx/dots/internal/lua/loader_modules.go:22.55,24.13 2 0
github.com/Wilberucx/dots/internal/lua/loader_modules.go:26.4,26.45 1 1
github.com/Wilberucx/dots/internal/lua/loader_modules.go:28.8,31.3 1 1
github.com/Wilberucx/dots/internal/lua/loader_modules.go:33.2,36.39 3 1
github.com/Wilberucx/dots/internal/lua/loader_modules.go:36.39,37.55 1 1
github.com/Wilberucx/dots/internal/lua/loader_modules.go:37.55,38.12 1 0
github.com/Wilberucx/dots/internal/lua/loader_modules.go:42.3,42.92 1 1
github.com/Wilberucx/dots/internal/lua/loader_modules.go:42.92,43.18 1 1
github.com/Wilberucx/dots/internal/lua/loader_modules.go:43.18,45.5 1 0
github.com/Wilberucx/dots/internal/lua/loader_modules.go:48.4,48.20 1 1
github.com/Wilberucx/dots/internal/lua/loader_modules.go:48.20,50.85 2 1
github.com/Wilberucx/dots/internal/lua/loader_modules.go:50.85,52.6 1 1
github.com/Wilberucx/dots/internal/lua/loader_modules.go:53.5,53.58 1 1
github.com/Wilberucx/dots/internal/lua/loader_modules.go:53.58,55.6 1 1
github.com/Wilberucx/dots/internal/lua/loader_modules.go:56.5,56.15 1 1
github.com/Wilberucx/dots/internal/lua/loader_modules.go:60.4,60.63 1 1
github.com/Wilberucx/dots/internal/lua/loader_modules.go:60.63,62.5 1 1
github.com/Wilberucx/dots/internal/lua/loader_modules.go:64.4,68.93 3 1
github.com/Wilberucx/dots/internal/lua/loader_modules.go:68.93,70.27 1 0
github.com/Wilberucx/dots/internal/lua/loader_modules.go:70.27,71.36 1 0
github.com/Wilberucx/dots/internal/lua/loader_modules.go:71.36,72.23 1 0
github.com/Wilberucx/dots/internal/lua/loader_modules.go:72.23,74.8 1 0
github.com/Wilberucx/dots/internal/lua/loader_modules.go:77.5,77.15 1 0
github.com/Wilberucx/dots/internal/lua/loader_modules.go:81.4,81.21 1 1
github.com/Wilberucx/dots/internal/lua/loader_modules.go:81.21,83.5 1 1
github.com/Wilberucx/dots/internal/lua/loader_modules.go:86.4,90.49 4 1
github.com/Wilberucx/dots/internal/lua/loader_modules.go:90.49,92.5 1 1
github.com/Wilberucx/dots/internal/lua/loader_modules.go:93.4,94.51 2 1
github.com/Wilberucx/dots/internal/lua/loader_modules.go:94.51,96.5 1 1
github.com/Wilberucx/dots/internal/lua/loader_modules.go:98.4,98.25 1 1
github.com/Wilberucx/dots/internal/lua/loader_modules.go:98.25,104.5 4 1
github.com/Wilberucx/dots/internal/lua/loader_modules.go:106.4,106.14 1 1
github.com/Wilberucx/dots/internal/lua/loader_modules.go:106.14,110.5 3 1
github.com/Wilberucx/dots/internal/lua/loader_modules.go:112.4,112.15 1 1
github.com/Wilberucx/dots/internal/lua/loader_modules.go:112.15,116.5 3 1
github.com/Wilberucx/dots/internal/lua/loader_modules.go:118.4,118.14 1 0
github.com/Wilberucx/dots/internal/lua/loader_modules.go:120.3,120.21 1 1
github.com/Wilberucx/dots/internal/lua/loader_modules.go:120.21,122.4 1 0
github.com/Wilberucx/dots/internal/lua/loader_modules.go:126.2,128.21 2 1
github.com/Wilberucx/dots/internal/lua/loader_modules.go:132.52,134.16 2 1
github.com/Wilberucx/dots/internal/lua/loader_modules.go:134.16,136.3 1 0
github.com/Wilberucx/dots/internal/lua/loader_modules.go:137.2,137.38 1 1
github.com/Wilberucx/dots/internal/lua/loader_modules.go:141.39,142.36 1 1
github.com/Wilberucx/dots/internal/lua/loader_modules.go:142.36,143.41 1 1
github.com/Wilberucx/dots/internal/lua/loader_modules.go:143.41,144.41 1 1
github.com/Wilberucx/dots/internal/lua/loader_modules.go:144.41,146.5 1 1
github.com/Wilberucx/dots/internal/lua/loader_modules.go:152.34,153.68 1 1
github.com/Wilberucx/dots/internal/lua/loader_modules.go:153.68,155.3 1 1
github.com/Wilberucx/dots/internal/lua/loader_modules.go:157.2,157.70 1 1
github.com/Wilberucx/dots/internal/lua/loader_modules.go:157.70,159.3 1 1
github.com/Wilberucx/dots/internal/lua/loader_modules.go:160.2,160.14 1 1
github.com/Wilberucx/dots/internal/lua/loader_modules.go:164.59,166.53 2 1
github.com/Wilberucx/dots/internal/lua/loader_modules.go:166.53,168.3 1 1
github.com/Wilberucx/dots/internal/lua/loader_modules.go:170.2,174.16 4 1
github.com/Wilberucx/dots/internal/lua/loader_modules.go:174.16,176.3 1 1
github.com/Wilberucx/dots/internal/lua/loader_modules.go:178.2,178.17 1 1
github.com/Wilberucx/dots/internal/lua/loader_modules.go:182.73,183.34 1 1
github.com/Wilberucx/dots/internal/lua/loader_modules.go:183.34,185.3 1 1
github.com/Wilberucx/dots/internal/lua/loader_modules.go:187.2,187.17 1 1
github.com/Wilberucx/dots/internal/lua/loader_modules.go:191.65,193.52 2 1
github.com/Wilberucx/dots/internal/lua/loader_modules.go:193.52,195.3 1 1
github.com/Wilberucx/dots/internal/lua/loader_modules.go:197.2,201.16 4 1
github.com/Wilberucx/dots/internal/lua/loader_modules.go:201.16,203.3 1 1
github.com/Wilberucx/dots/internal/lua/loader_modules.go:205.2,205.17 1 1
github.com/Wilberucx/dots/internal/lua/loader_modules.go:209.62,211.29 2 1
github.com/Wilberucx/dots/internal/lua/loader_modules.go:211.29,212.51 1 1
github.com/Wilberucx/dots/internal/lua/loader_modules.go:212.51,225.29 2 1
github.com/Wilberucx/dots/internal/lua/loader_modules.go:225.29,227.5 1 1
github.com/Wilberucx/dots/internal/lua/loader_modules.go:229.4,229.66 1 1
github.com/Wilberucx/dots/internal/lua/loader_modules.go:229.66,231.31 2 1
github.com/Wilberucx/dots/internal/lua/loader_modules.go:231.31,233.6 1 1
github.com/Wilberucx/dots/internal/lua/loader_modules.go:236.4,236.70 1 1
github.com/Wilberucx/dots/internal/lua/loader_modules.go:236.70,238.31 2 0
github.com/Wilberucx/dots/internal/lua/loader_modules.go:238.31,240.6 1 0
github.com/Wilberucx/dots/internal/lua/loader_modules.go:243.4,243.68 1 1
github.com/Wilberucx/dots/internal/lua/loader_modules.go:243.68,245.20 2 1
github.com/Wilberucx/dots/internal/lua/loader_modules.go:245.20,247.6 1 1
github.com/Wilberucx/dots/internal/lua/loader_modules.go:250.4,250.28 1 1
github.com/Wilberucx/dots/internal/lua/loader_modules.go:253.2,253.13 1 1
github.com/Wilberucx/dots/internal/lua/loader_modules.go:256.85,257.34 1 1
github.com/Wilberucx/dots/internal/lua/loader_modules.go:257.34,259.3 1 1
github.com/Wilberucx/dots/internal/lua/loader_modules.go:260.2,260.23 1 1
github.com/Wilberucx/dots/internal/lua/loader_modules.go:260.23,262.3 1 0
github.com/Wilberucx/dots/internal/lua/loader_modules.go:263.2,263.11 1 1
github.com/Wilberucx/dots/internal/lua/loader_modules.go:267.65,269.16 2 0
github.com/Wilberucx/dots/internal/lua/loader_modules.go:269.16,271.3 1 0
github.com/Wilberucx/dots/internal/lua/loader_modules.go:272.2,273.51 2 0
github.com/Wilberucx/dots/internal/lua/loader_modules.go:273.51,275.3 1 0
github.com/Wilberucx/dots/internal/lua/loader_modules.go:276.2,276.17 1 0
github.com/Wilberucx/dots/internal/lua/migrate.go:14.46,15.20 1 1
github.com/Wilberucx/dots/internal/lua/migrate.go:15.20,17.3 1 1
github.com/Wilberucx/dots/internal/lua/migrate.go:19.2,36.13 1 1
github.com/Wilberucx/dots/internal/lua/migrate.go:48.52,53.44 3 1
github.com/Wilberucx/dots/internal/lua/migrate.go:53.44,55.3 1 1
github.com/Wilberucx/dots/internal/lua/migrate.go:57.2,58.16 2 1
github.com/Wilberucx/dots/internal/lua/migrate.go:58.16,60.3 1 1
github.com/Wilberucx/dots/internal/lua/migrate.go:62.2,63.51 2 1
github.com/Wilberucx/dots/internal/lua/migrate.go:63.51,65.3 1 0
github.com/Wilberucx/dots/internal/lua/migrate.go:67.2,67.16 1 1
github.com/Wilberucx/dots/internal/lua/migrate.go:67.16,69.3 1 1
github.com/Wilberucx/dots/internal/lua/migrate.go:71.2,71.57 1 1
github.com/Wilberucx/dots/internal/lua/migrate.go:73.86,83.54 7 1
github.com/Wilberucx/dots/internal/lua/migrate.go:83.54,85.3 1 1
github.com/Wilberucx/dots/internal/lua/migrate.go:88.2,88.75 1 1
github.com/Wilberucx/dots/internal/lua/migrate.go:88.75,90.30 2 1
github.com/Wilberucx/dots/internal/lua/migrate.go:90.30,91.50 1 1
github.com/Wilberucx/dots/internal/lua/migrate.go:91.50,96.5 4 1
github.com/Wilberucx/dots/internal/lua/migrate.go:98.3,98.26 1 1
github.com/Wilberucx/dots/internal/lua/migrate.go:102.2,102.80 1 1
github.com/Wilberucx/dots/internal/lua/migrate.go:102.80,104.29 2 1
github.com/Wilberucx/dots/internal/lua/migrate.go:104.29,105.25 1 1
github.com/Wilberucx/dots/internal/lua/migrate.go:106.16,107.40 1 1
github.com/Wilberucx/dots/internal/lua/migrate.go:108.32,112.25 4 1
github.com/Wilberucx/dots/internal/lua/migrate.go:115.3,115.26 1 1
github.com/Wilberucx/dots/internal/lua/migrate.go:118.2,120.24 2 1
github.com/Wilberucx/dots/internal/lua/migrate.go:124.57,136.23 6 1
github.com/Wilberucx/dots/internal/lua/migrate.go:136.23,137.19 1 1
github.com/Wilberucx/dots/internal/lua/migrate.go:137.19,140.16 2 1
github.com/Wilberucx/dots/internal/lua/migrate.go:140.16,144.26 3 1
github.com/Wilberucx/dots/internal/lua/migrate.go:144.26,146.6 1 1
github.com/Wilberucx/dots/internal/lua/migrate.go:147.5,148.30 2 1
github.com/Wilberucx/dots/internal/lua/migrate.go:148.30,149.40 1 1
github.com/Wilberucx/dots/internal/lua/migrate.go:149.40,151.12 2 1
github.com/Wilberucx/dots/internal/lua/migrate.go:154.5,154.118 1 1
github.com/Wilberucx/dots/internal/lua/migrate.go:156.4,156.61 1 1
github.com/Wilberucx/dots/internal/lua/migrate.go:159.3,159.53 1 1
github.com/Wilberucx/dots/internal/lua/migrate.go:163.2,163.14 1 1
github.com/Wilberucx/dots/internal/lua/migrate.go:163.14,165.3 1 1
github.com/Wilberucx/dots/internal/lua/migrate.go:168.2,169.30 2 1
github.com/Wilberucx/dots/internal/lua/migrate.go:170.14,171.12 1 0
github.com/Wilberucx/dots/internal/lua/migrate.go:172.21,173.17 1 1
github.com/Wilberucx/dots/internal/lua/migrate.go:173.17,175.4 1 1
github.com/Wilberucx/dots/internal/lua/migrate.go:177.2,177.55 1 1
github.com/Wilberucx/dots/internal/lua/migrate.go:177.55,179.3 1 1
github.com/Wilberucx/dots/internal/lua/migrate.go:181.2,181.50 1 1
github.com/Wilberucx/dots/internal/lua/migrate.go:185.56,199.17 13 1
github.com/Wilberucx/dots/internal/lua/migrate.go:200.13,202.17 2 1
github.com/Wilberucx/dots/internal/lua/migrate.go:202.17,204.4 1 1
github.com/Wilberucx/dots/internal/lua/migrate.go:205.3,205.17 1 1
github.com/Wilberucx/dots/internal/lua/migrate.go:205.17,207.4 1 1
github.com/Wilberucx/dots/internal/lua/migrate.go:208.3,208.16 1 1
github.com/Wilberucx/dots/internal/lua/migrate.go:208.16,210.4 1 1
github.com/Wilberucx/dots/internal/lua/migrate.go:211.3,211.24 1 1
github.com/Wilberucx/dots/internal/lua/migrate.go:211.24,213.4 1 0
github.com/Wilberucx/dots/internal/lua/migrate.go:214.3,214.14 1 1
github.com/Wilberucx/dots/internal/lua/migrate.go:216.16,218.17 2 1
github.com/Wilberucx/dots/internal/lua/migrate.go:218.17,220.4 1 1
github.com/Wilberucx/dots/internal/lua/migrate.go:221.3,221.20 1 1
github.com/Wilberucx/dots/internal/lua/migrate.go:221.20,223.4 1 1
github.com/Wilberucx/dots/internal/lua/migrate.go:224.3,224.17 1 1
github.com/Wilberucx/dots/internal/lua/migrate.go:224.17,226.4 1 1
github.com/Wilberucx/dots/internal/lua/migrate.go:227.3,227.14 1 1
github.com/Wilberucx/dots/internal/lua/migrate.go:227.14,229.4 1 1
github.com/Wilberucx/dots/internal/lua/migrate.go:230.3,230.20 1 1
github.com/Wilberucx/dots/internal/lua/migrate.go:230.20,232.4 1 0
github.com/Wilberucx/dots/internal/lua/migrate.go:233.3,233.14 1 1
github.com/Wilberucx/dots/internal/lua/migrate.go:235.10,236.69 1 1
github.com/Wilberucx/dots/internal/lua/migrate.go:236.69,238.4 1 1
github.com/Wilberucx/dots/internal/lua/migrate.go:240.3,241.18 2 1
github.com/Wilberucx/dots/internal/lua/migrate.go:241.18,243.4 1 1
github.com/Wilberucx/dots/internal/lua/migrate.go:244.3,244.16 1 1
github.com/Wilberucx/dots/internal/lua/migrate.go:244.16,246.4 1 0
github.com/Wilberucx/dots/internal/lua/migrate.go:247.3,247.24 1 1
github.com/Wilberucx/dots/internal/lua/migrate.go:247.24,249.4 1 0
github.com/Wilberucx/dots/internal/lua/migrate.go:250.3,250.18 1 1
github.com/Wilberucx/dots/internal/lua/migrate.go:250.18,253.4 2 0
github.com/Wilberucx/dots/internal/lua/migrate.go:254.3,254.14 1 1
github.com/Wilberucx/dots/internal/lua/migrate.go:260.85,261.34 1 1
github.com/Wilberucx/dots/internal/lua/migrate.go:261.34,263.3 1 1
github.com/Wilberucx/dots/internal/lua/migrate.go:264.2,264.23 1 1
github.com/Wilberucx/dots/internal/lua/migrate.go:264.23,266.3 1 0
github.com/Wilberucx/dots/internal/lua/migrate.go:267.2,267.11 1 1
github.com/Wilberucx/dots/internal/lua/migrate.go:270.45,271.29 1 1
github.com/Wilberucx/dots/internal/lua/migrate.go:271.29,273.3 1 1
github.com/Wilberucx/dots/internal/lua/migrate.go:274.2,274.29 1 0
github.com/Wilberucx/dots/internal/lua/migrate.go:277.56,279.19 2 1
github.com/Wilberucx/dots/internal/lua/migrate.go:279.19,281.3 1 1
github.com/Wilberucx/dots/internal/lua/migrate.go:282.2,285.25 3 1
github.com/Wilberucx/dots/internal/lua/migrate.go:285.25,287.3 1 1
github.com/Wilberucx/dots/internal/lua/migrate.go:288.2,288.46 1 1
github.com/Wilberucx/dots/internal/lua/migrate.go:291.54,293.19 2 1
github.com/Wilberucx/dots/internal/lua/migrate.go:293.19,295.3 1 1
github.com/Wilberucx/dots/internal/lua/migrate.go:296.2,299.25 3 1
github.com/Wilberucx/dots/internal/lua/migrate.go:299.25,301.3 1 1
github.com/Wilberucx/dots/internal/lua/migrate.go:302.2,302.46 1 1
github.com/Wilberucx/dots/internal/lua/migrate.go:322.36,324.28 1 1
github.com/Wilberucx/dots/internal/lua/migrate.go:324.28,326.3 1 0
github.com/Wilberucx/dots/internal/lua/migrate.go:328.2,329.120 2 1
github.com/Wilberucx/dots/internal/lua/migrate.go:333.55,336.2 2 1
github.com/Wilberucx/dots/internal/lua/migrate.go:339.51,342.2 2 1
github.com/Wilberucx/dots/internal/lua/types.go:81.44,82.25 1 1
github.com/Wilberucx/dots/internal/lua/types.go:83.19,84.19 1 1
github.com/Wilberucx/dots/internal/lua/types.go:85.10,86.22 1 1
github.com/Wilberucx/dots/internal/lua/types.go:91.61,93.40 2 1
github.com/Wilberucx/dots/internal/lua/types.go:93.40,95.3 1 1
github.com/Wilberucx/dots/internal/lua/types.go:96.2,96.15 1 1
github.com/Wilberucx/dots/internal/lua/types.go:100.54,102.38 2 1
github.com/Wilberucx/dots/internal/lua/types.go:102.38,104.3 1 1
github.com/Wilberucx/dots/internal/lua/types.go:105.2,105.15 1 1
github.com/Wilberucx/dots/internal/lua/vm.go:18.24,34.2 9 1
github.com/Wilberucx/dots/internal/lua/vm.go:37.26,39.2 1 1
github.com/Wilberucx/dots/internal/lua/vm.go:42.71,43.49 1 1
github.com/Wilberucx/dots/internal/lua/vm.go:43.49,45.3 1 1
github.com/Wilberucx/dots/internal/lua/vm.go:47.2,47.42 1 1
github.com/Wilberucx/dots/internal/lua/vm.go:47.42,49.3 1 1
github.com/Wilberucx/dots/internal/lua/vm.go:52.2,53.9 2 1
github.com/Wilberucx/dots/internal/lua/vm.go:53.9,55.3 1 1
github.com/Wilberucx/dots/internal/lua/vm.go:56.2,58.31 2 1
github.com/Wilberucx/dots/internal/lua/vm.go:62.67,63.49 1 1
github.com/Wilberucx/dots/internal/lua/vm.go:63.49,65.3 1 1
github.com/Wilberucx/dots/internal/lua/vm.go:67.2,67.42 1 1
github.com/Wilberucx/dots/internal/lua/vm.go:67.42,69.3 1 1
github.com/Wilberucx/dots/internal/lua/vm.go:72.2,73.9 2 1
github.com/Wilberucx/dots/internal/lua/vm.go:73.9,75.3 1 0
github.com/Wilberucx/dots/internal/lua/vm.go:76.2,78.29 2 1
github.com/Wilberucx/dots/internal/lua/vm.go:82.37,88.2 4 1
github.com/Wilberucx/dots/internal/lua/vm.go:93.64,97.54 2 1
github.com/Wilberucx/dots/internal/lua/vm.go:97.54,99.3 1 1
github.com/Wilberucx/dots/internal/lua/vm.go:102.2,102.65 1 1
github.com/Wilberucx/dots/internal/lua/vm.go:102.65,103.44 1 1
github.com/Wilberucx/dots/internal/lua/vm.go:103.44,105.4 1 1
github.com/Wilberucx/dots/internal/lua/vm.go:109.2,109.70 1 1
github.com/Wilberucx/dots/internal/lua/vm.go:109.70,110.43 1 1
github.com/Wilberucx/dots/internal/lua/vm.go:110.43,112.4 1 1
github.com/Wilberucx/dots/internal/lua/vm.go:115.2,115.17 1 1
github.com/Wilberucx/dots/internal/lua/vm.go:119.45,121.38 2 1
github.com/Wilberucx/dots/internal/lua/vm.go:121.38,122.40 1 1
github.com/Wilberucx/dots/internal/lua/vm.go:122.40,125.4 2 1
github.com/Wilberucx/dots/internal/lua/vm.go:127.2,127.12 1 1
github.com/Wilberucx/dots/internal/lua/vm.go:131.48,142.68 2 1
github.com/Wilberucx/dots/internal/lua/vm.go:142.68,143.26 1 1
github.com/Wilberucx/dots/internal/lua/vm.go:144.17,145.25 1 1
github.com/Wilberucx/dots/internal/lua/vm.go:146.19,147.27 1 1
github.com/Wilberucx/dots/internal/lua/vm.go:148.15,149.24 1 1
github.com/Wilberucx/dots/internal/lua/vm.go:154.2,154.66 1 1
github.com/Wilberucx/dots/internal/lua/vm.go:154.66,155.42 1 1
github.com/Wilberucx/dots/internal/lua/vm.go:155.42,157.4 1 1
github.com/Wilberucx/dots/internal/lua/vm.go:160.2,160.11 1 1
github.com/Wilberucx/dots/internal/lua/vm.go:164.43,166.38 2 1
github.com/Wilberucx/dots/internal/lua/vm.go:166.38,167.40 1 1
github.com/Wilberucx/dots/internal/lua/vm.go:167.40,170.4 2 1
github.com/Wilberucx/dots/internal/lua/vm.go:172.2,172.13 1 1
github.com/Wilberucx/dots/internal/lua/vm.go:176.46,190.20 2 1
github.com/Wilberucx/dots/internal/lua/vm.go:190.20,192.3 1 0
github.com/Wilberucx/dots/internal/lua/vm.go:195.2,195.66 1 1
github.com/Wilberucx/dots/internal/lua/vm.go:195.66,196.41 1 1
github.com/Wilberucx/dots/internal/lua/vm.go:196.41,198.4 1 1
github.com/Wilberucx/dots/internal/lua/vm.go:202.2,202.62 1 1
github.com/Wilberucx/dots/internal/lua/vm.go:202.62,203.41 1 0
github.com/Wilberucx/dots/internal/lua/vm.go:203.41,205.4 1 0
github.com/Wilberucx/dots/internal/lua/vm.go:209.2,209.62 1 1
github.com/Wilberucx/dots/internal/lua/vm.go:209.62,210.39 1 1
github.com/Wilberucx/dots/internal/lua/vm.go:210.39,213.4 2 1
github.com/Wilberucx/dots/internal/lua/vm.go:216.2,216.12 1 1
github.com/Wilberucx/dots/internal/lua/vm.go:220.60,226.60 2 1
github.com/Wilberucx/dots/internal/lua/vm.go:226.60,227.25 1 1
github.com/Wilberucx/dots/internal/lua/vm.go:228.20,229.41 1 1
github.com/Wilberucx/dots/internal/lua/vm.go:230.20,231.46 1 1
github.com/Wilberucx/dots/internal/lua/vm.go:236.2,236.65 1 1
github.com/Wilberucx/dots/internal/lua/vm.go:236.65,237.41 1 1
github.com/Wilberucx/dots/internal/lua/vm.go:237.41,239.4 1 1
github.com/Wilberucx/dots/internal/lua/vm.go:243.2,243.20 1 1
github.com/Wilberucx/dots/internal/lua/vm.go:243.20,245.3 1 1
github.com/Wilberucx/dots/internal/lua/vm.go:247.2,247.17 1 1
github.com/Wilberucx/dots/internal/lua/vm.go:251.39,252.20 1 1
github.com/Wilberucx/dots/internal/lua/vm.go:252.20,254.3 1 1
github.com/Wilberucx/dots/internal/lua/vm.go:255.2,255.39 1 1
github.com/Wilberucx/dots/internal/lua/vm.go:262.81,267.23 4 1
github.com/Wilberucx/dots/internal/lua/vm.go:267.23,269.3 1 1
github.com/Wilberucx/dots/internal/lua/vm.go:272.2,284.12 10 1
github.com/Wilberucx/dots/internal/lua/vm.go:289.66,312.2 17 1
github.com/Wilberucx/dots/internal/lua/vm.go:317.52,323.2 5 1
github.com/Wilberucx/dots/internal/lua/vm.go:326.53,332.2 5 1
github.com/Wilberucx/dots/internal/lua/vm.go:336.55,342.2 5 1
github.com/Wilberucx/dots/internal/lua/vm.go:345.49,352.2 6 1
github.com/Wilberucx/dots/internal/lua/vm.go:356.51,362.47 5 1
github.com/Wilberucx/dots/internal/lua/vm.go:362.47,364.3 1 1
github.com/Wilberucx/dots/internal/lua/vm.go:365.2,366.10 2 1
github.com/Wilberucx/dots/internal/lua/vm.go:371.49,377.2 5 1
github.com/Wilberucx/dots/internal/lua/vm.go:379.49,385.2 5 1
github.com/Wilberucx/dots/internal/lua/vm.go:387.49,393.2 5 1
github.com/Wilberucx/dots/internal/lua/vm.go:395.54,401.2 5 1
github.com/Wilberucx/dots/internal/lua/vm.go:403.54,409.2 5 0
github.com/Wilberucx/dots/internal/lua/vm.go:411.51,417.2 5 0
github.com/Wilberucx/dots/internal/lua/vm.go:419.50,425.2 5 1
github.com/Wilberucx/dots/internal/lua/vm.go:427.51,433.2 5 0
github.com/Wilberucx/dots/internal/lua/vm.go:435.55,441.2 5 1
github.com/Wilberucx/dots/internal/lua/vm.go:446.53,448.15 2 1
github.com/Wilberucx/dots/internal/lua/vm.go:448.15,449.48 1 1
github.com/Wilberucx/dots/internal/lua/vm.go:449.48,451.4 1 1
github.com/Wilberucx/dots/internal/lua/vm.go:452.3,452.18 1 1
github.com/Wilberucx/dots/internal/lua/vm.go:454.2,454.18 1 1
github.com/Wilberucx/dots/internal/plugins/managers.go:24.34,24.53 1 1
github.com/Wilberucx/dots/internal/plugins/managers.go:25.34,25.49 1 1
github.com/Wilberucx/dots/internal/plugins/managers.go:26.34,26.93 1 1
github.com/Wilberucx/dots/internal/plugins/managers.go:28.58,31.2 2 1
github.com/Wilberucx/dots/internal/plugins/managers.go:36.31,36.47 1 1
github.com/Wilberucx/dots/internal/plugins/managers.go:37.31,37.46 1 1
github.com/Wilberucx/dots/internal/plugins/managers.go:38.31,38.91 1 1
github.com/Wilberucx/dots/internal/plugins/managers.go:40.55,43.2 2 1
github.com/Wilberucx/dots/internal/plugins/managers.go:48.32,48.49 1 1
github.com/Wilberucx/dots/internal/plugins/managers.go:49.32,49.48 1 1
github.com/Wilberucx/dots/internal/plugins/managers.go:50.32,50.89 1 1
github.com/Wilberucx/dots/internal/plugins/managers.go:52.56,55.2 2 1
github.com/Wilberucx/dots/internal/plugins/managers.go:66.41,67.32 1 1
github.com/Wilberucx/dots/internal/plugins/managers.go:67.32,68.22 1 1
github.com/Wilberucx/dots/internal/plugins/managers.go:68.22,70.4 1 1
github.com/Wilberucx/dots/internal/plugins/managers.go:72.2,72.12 1 0
github.com/Wilberucx/dots/internal/plugins/managers.go:76.30,78.32 2 1
github.com/Wilberucx/dots/internal/plugins/managers.go:78.32,80.3 1 1
github.com/Wilberucx/dots/internal/plugins/managers.go:81.2,82.14 2 1
github.com/Wilberucx/dots/internal/ui/output.go:44.30,46.2 1 1
github.com/Wilberucx/dots/internal/ui/output.go:49.31,51.2 1 1
github.com/Wilberucx/dots/internal/ui/output.go:54.29,56.2 1 1
github.com/Wilberucx/dots/internal/ui/output.go:59.31,61.2 1 1
github.com/Wilberucx/dots/internal/ui/output.go:64.28,66.2 1 1
github.com/Wilberucx/dots/internal/ui/output.go:69.30,70.16 1 1
github.com/Wilberucx/dots/internal/ui/output.go:70.16,72.3 1 1
github.com/Wilberucx/dots/internal/ui/output.go:73.2,73.68 1 1
github.com/Wilberucx/dots/internal/ui/output.go:77.48,79.18 2 1
github.com/Wilberucx/dots/internal/ui/output.go:79.18,81.3 1 1
github.com/Wilberucx/dots/internal/ui/output.go:82.2,82.18 1 1
github.com/Wilberucx/dots/internal/ui/output.go:85.43,87.19 2 1
github.com/Wilberucx/dots/internal/ui/output.go:87.19,89.3 1 1
github.com/Wilberucx/dots/internal/ui/output.go:90.2,90.10 1 1
github.com/Wilberucx/dots/internal/ui/selector.go:31.39,33.2 1 1
github.com/Wilberucx/dots/internal/ui/selector.go:35.65,36.27 1 1
github.com/Wilberucx/dots/internal/ui/selector.go:37.18,38.23 1 1
github.com/Wilberucx/dots/internal/ui/selector.go:39.22,42.22 3 1
github.com/Wilberucx/dots/internal/ui/selector.go:44.16,47.22 3 1
github.com/Wilberucx/dots/internal/ui/selector.go:49.18,50.20 1 1
github.com/Wilberucx/dots/internal/ui/selector.go:50.20,52.5 1 1
github.com/Wilberucx/dots/internal/ui/selector.go:54.20,55.33 1 1
github.com/Wilberucx/dots/internal/ui/selector.go:55.33,57.5 1 1
github.com/Wilberucx/dots/internal/ui/selector.go:59.19,60.58 1 1
github.com/Wilberucx/dots/internal/ui/selector.go:62.12,65.33 2 1
github.com/Wilberucx/dots/internal/ui/selector.go:65.33,66.22 1 1
github.com/Wilberucx/dots/internal/ui/selector.go:66.22,68.11 2 1
github.com/Wilberucx/dots/internal/ui/selector.go:71.4,71.27 1 1
github.com/Wilberucx/dots/internal/ui/selector.go:71.27,73.5 1 1
github.com/Wilberucx/dots/internal/ui/selector.go:76.25,78.24 2 1
github.com/Wilberucx/dots/internal/ui/selector.go:81.2,81.15 1 1
github.com/Wilberucx/dots/internal/ui/selector.go:84.38,85.12 1 1
github.com/Wilberucx/dots/internal/ui/selector.go:85.12,87.3 1 1
github.com/Wilberucx/dots/internal/ui/selector.go:89.2,93.31 4 1
github.com/Wilberucx/dots/internal/ui/selector.go:93.31,95.20 2 1
github.com/Wilberucx/dots/internal/ui/selector.go:95.20,97.4 1 1
github.com/Wilberucx/dots/internal/ui/selector.go:99.3,100.19 2 1
github.com/Wilberucx/dots/internal/ui/selector.go:100.19,102.4 1 1
github.com/Wilberucx/dots/internal/ui/selector.go:104.3,106.22 3 1
github.com/Wilberucx/dots/internal/ui/selector.go:109.2,112.19 3 1
github.com/Wilberucx/dots/internal/ui/selector.go:115.51,117.31 2 1
github.com/Wilberucx/dots/internal/ui/selector.go:117.31,118.19 1 1
github.com/Wilberucx/dots/internal/ui/selector.go:118.19,120.4 1 1
github.com/Wilberucx/dots/internal/ui/selector.go:122.2,122.17 1 1
github.com/Wilberucx/dots/internal/ui/selector.go:146.77,148.29 2 0
github.com/Wilberucx/dots/internal/ui/selector.go:148.29,153.3 1 0
github.com/Wilberucx/dots/internal/ui/selector.go:155.2,163.16 4 0
github.com/Wilberucx/dots/internal/ui/selector.go:163.16,166.3 2 0
github.com/Wilberucx/dots/internal/ui/selector.go:168.2,169.9 2 0
github.com/Wilberucx/dots/internal/ui/selector.go:169.9,171.3 1 0
github.com/Wilberucx/dots/internal/ui/selector.go:173.2,173.25 1 0
github.com/Wilberucx/dots/internal/ui/selector.go:173.25,175.3 1 0
github.com/Wilberucx/dots/internal/ui/selector.go:177.2,177.33 1 0
github.com/Wilberucx/dots/internal/ui/selector.go:193.37,193.51 1 1
github.com/Wilberucx/dots/internal/ui/selector.go:195.63,196.27 1 1
github.com/Wilberucx/dots/internal/ui/selector.go:197.18,198.23 1 1
github.com/Wilberucx/dots/internal/ui/selector.go:199.22,202.22 3 1
github.com/Wilberucx/dots/internal/ui/selector.go:203.16,206.22 3 1
github.com/Wilberucx/dots/internal/ui/selector.go:207.18,208.20 1 1
github.com/Wilberucx/dots/internal/ui/selector.go:208.20,210.5 1 1
github.com/Wilberucx/dots/internal/ui/selector.go:211.20,212.33 1 1
github.com/Wilberucx/dots/internal/ui/selector.go:212.33,214.5 1 1
github.com/Wilberucx/dots/internal/ui/selector.go:216.25,218.24 2 1
github.com/Wilberucx/dots/internal/ui/selector.go:220.2,220.15 1 1
github.com/Wilberucx/dots/internal/ui/selector.go:223.36,224.12 1 1
github.com/Wilberucx/dots/internal/ui/selector.go:224.12,226.3 1 1
github.com/Wilberucx/dots/internal/ui/selector.go:228.2,232.31 4 1
github.com/Wilberucx/dots/internal/ui/selector.go:232.31,234.20 2 1
github.com/Wilberucx/dots/internal/ui/selector.go:234.20,236.4 1 1
github.com/Wilberucx/dots/internal/ui/selector.go:237.3,239.22 3 1
github.com/Wilberucx/dots/internal/ui/selector.go:242.2,244.19 3 1
github.com/Wilberucx/dots/internal/ui/selector.go:249.45,250.21 1 1
github.com/Wilberucx/dots/internal/ui/selector.go:250.21,252.3 1 1
github.com/Wilberucx/dots/internal/ui/selector.go:254.2,259.25 2 0
github.com/Wilberucx/dots/internal/ui/selector.go:264.68,265.24 1 1
github.com/Wilberucx/dots/internal/ui/selector.go:265.24,267.3 1 1
github.com/Wilberucx/dots/internal/ui/selector.go:269.2,274.25 2 0
github.com/Wilberucx/dots/internal/ui/selector.go:278.42,281.16 3 0
github.com/Wilberucx/dots/internal/ui/selector.go:281.16,283.3 1 0
github.com/Wilberucx/dots/internal/ui/selector.go:285.2,286.32 2 0
github.com/Wilberucx/dots/internal/ui/selector.go:286.32,288.3 1 0
github.com/Wilberucx/dots/internal/ui/selector.go:290.2,290.28 1 0
github.com/Wilberucx/dots/internal/ui/selector.go:294.53,302.20 6 0
github.com/Wilberucx/dots/internal/ui/selector.go:302.20,304.3 1 0
github.com/Wilberucx/dots/internal/ui/selector.go:305.2,305.17 1 0
github.com/Wilberucx/dots/internal/ui/selector.go:309.57,313.18 3 1
github.com/Wilberucx/dots/internal/ui/selector.go:313.18,315.3 1 1
github.com/Wilberucx/dots/internal/ui/selector.go:316.2,322.20 5 1
github.com/Wilberucx/dots/internal/ui/selector.go:322.20,324.3 1 1
github.com/Wilberucx/dots/internal/ui/selector.go:325.2,325.45 1 0
